2022/23|2022-07-16|BSC Young Boys|FC Zürich|100994|Gruppe 1
2022/23|2022-07-16|FC Winterthur|FC Basel 1893|100992|Gruppe 1
2022/23|2022-07-17|Servette FC|FC St. Gallen 1879|100990|Gruppe 1
2022/23|2022-07-17|FC Lugano|FC Sion|100993|Gruppe 1
2022/23|2022-07-23|FC Zürich|FC Luzern|100997|Gruppe 1
2022/23|2022-07-23|FC St. Gallen 1879|FC Winterthur|100996|Gruppe 1
2022/23|2022-07-24|FC Basel 1893|Servette FC|100995|Gruppe 1
2022/23|2022-07-24|Grasshopper Club Zürich|FC Lugano|100999|Gruppe 1
2022/23|2022-07-24|FC Sion|BSC Young Boys|100998|Gruppe 1
2022/23|2022-07-30|FC St. Gallen 1879|FC Zürich|101002|Gruppe 1
2022/23|2022-07-30|FC Sion|Servette FC|101003|Gruppe 1
2022/23|2022-07-31|FC Winterthur|FC Lugano|101001|Gruppe 1
2022/23|2022-07-31|BSC Young Boys|Grasshopper Club Zürich|101004|Gruppe 1
2022/23|2022-08-06|Servette FC|FC Winterthur|101007|Gruppe 1
2022/23|2022-08-06|Grasshopper Club Zürich|FC St. Gallen 1879|101006|Gruppe 1
2022/23|2022-08-07|FC Zürich|FC Sion|101005|Gruppe 1
2022/23|2022-08-07|FC Basel 1893|BSC Young Boys|101009|Gruppe 1
2022/23|2022-08-07|FC Lugano|FC Luzern|101008|Gruppe 1
2022/23|2022-08-10|FC Luzern|Grasshopper Club Zürich|100991|Gruppe 1
2022/23|2022-08-13|FC Sion|Grasshopper Club Zürich|101012|Gruppe 1
2022/23|2022-08-13|FC St. Gallen 1879|FC Luzern|101014|Gruppe 1
2022/23|2022-08-14|FC Winterthur|FC Zürich|101013|Gruppe 1
2022/23|2022-08-14|BSC Young Boys|Servette FC|101010|Gruppe 1
2022/23|2022-08-14|FC Basel 1893|FC Lugano|101011|Gruppe 1
2022/23|2022-08-27|FC Luzern|FC Sion|101017|Gruppe 1
2022/23|2022-08-27|Servette FC|Grasshopper Club Zürich|101016|Gruppe 1
2022/23|2022-08-28|FC Lugano|FC St. Gallen 1879|101015|Gruppe 1
2022/23|2022-08-28|FC Zürich|FC Basel 1893|101018|Gruppe 1
2022/23|2022-08-28|FC Winterthur|BSC Young Boys|101019|Gruppe 1
2022/23|2022-09-03|FC Sion|FC Basel 1893|101021|Gruppe 1
2022/23|2022-09-03|FC Zürich|FC Lugano|101023|Gruppe 1
2022/23|2022-09-04|FC Luzern|Servette FC|101022|Gruppe 1
2022/23|2022-09-04|Grasshopper Club Zürich|FC Winterthur|101024|Gruppe 1
2022/23|2022-09-04|FC St. Gallen 1879|BSC Young Boys|101020|Gruppe 1
2022/23|2022-09-10|FC St. Gallen 1879|FC Sion|101028|Gruppe 1
2022/23|2022-09-10|FC Winterthur|FC Luzern|101027|Gruppe 1
2022/23|2022-09-11|Servette FC|FC Zürich|101025|Gruppe 1
2022/23|2022-09-11|FC Basel 1893|Grasshopper Club Zürich|101026|Gruppe 1
2022/23|2022-09-11|BSC Young Boys|FC Lugano|101029|Gruppe 1
2022/23|2022-10-01|FC Basel 1893|FC St. Gallen 1879|101031|Gruppe 1
2022/23|2022-10-01|Grasshopper Club Zürich|FC Zürich|101034|Gruppe 1
2022/23|2022-10-02|FC Sion|FC Winterthur|101032|Gruppe 1
2022/23|2022-10-02|FC Luzern|BSC Young Boys|101030|Gruppe 1
2022/23|2022-10-02|FC Lugano|Servette FC|101033|Gruppe 1
2022/23|2022-10-08|Grasshopper Club Zürich|FC Sion|101038|Gruppe 1
2022/23|2022-10-08|BSC Young Boys|FC St. Gallen 1879|101036|Gruppe 1
2022/23|2022-10-09|Servette FC|FC Luzern|101037|Gruppe 1
2022/23|2022-10-09|FC Lugano|FC Basel 1893|101035|Gruppe 1
2022/23|2022-10-09|FC Zürich|FC Winterthur|101039|Gruppe 1
2022/23|2022-10-15|FC Sion|FC Luzern|101043|Gruppe 1
2022/23|2022-10-15|FC Winterthur|Grasshopper Club Zürich|101044|Gruppe 1
2022/23|2022-10-16|FC St. Gallen 1879|FC Lugano|101042|Gruppe 1
2022/23|2022-10-16|FC Zürich|BSC Young Boys|101040|Gruppe 1
2022/23|2022-10-16|Servette FC|FC Basel 1893|101041|Gruppe 1
2022/23|2022-10-18|FC Winterthur|FC Sion|101049|Gruppe 1
2022/23|2022-10-19|FC Luzern|FC St. Gallen 1879|101045|Gruppe 1
2022/23|2022-10-19|FC Lugano|BSC Young Boys|101047|Gruppe 1
2022/23|2022-10-20|FC Basel 1893|FC Zürich|101048|Gruppe 1
2022/23|2022-10-20|Grasshopper Club Zürich|Servette FC|101046|Gruppe 1
2022/23|2022-10-22|BSC Young Boys|FC Sion|101054|Gruppe 1
2022/23|2022-10-22|FC Luzern|FC Lugano|101053|Gruppe 1
2022/23|2022-10-23|FC Basel 1893|FC Winterthur|101051|Gruppe 1
2022/23|2022-10-23|FC Zürich|Grasshopper Club Zürich|101050|Gruppe 1
2022/23|2022-10-23|FC St. Gallen 1879|Servette FC|101052|Gruppe 1
2022/23|2022-10-29|Grasshopper Club Zürich|FC Luzern|101058|Gruppe 1
2022/23|2022-10-29|Servette FC|FC Lugano|101056|Gruppe 1
2022/23|2022-10-30|FC Sion|FC Zürich|101057|Gruppe 1
2022/23|2022-10-30|FC Winterthur|FC St. Gallen 1879|101055|Gruppe 1
2022/23|2022-10-30|BSC Young Boys|FC Basel 1893|101059|Gruppe 1
2022/23|2022-11-05|FC St. Gallen 1879|Grasshopper Club Zürich|101060|Gruppe 1
2022/23|2022-11-05|FC Luzern|FC Winterthur|101062|Gruppe 1
2022/23|2022-11-06|Servette FC|BSC Young Boys|101064|Gruppe 1
2022/23|2022-11-06|FC Basel 1893|FC Sion|101061|Gruppe 1
2022/23|2022-11-06|FC Lugano|FC Zürich|101063|Gruppe 1
2022/23|2022-11-09|FC Luzern|FC Basel 1893|101000|Gruppe 1
2022/23|2022-11-12|FC Sion|FC St. Gallen 1879|101067|Gruppe 1
2022/23|2022-11-12|Grasshopper Club Zürich|FC Basel 1893|101068|Gruppe 1
2022/23|2022-11-13|FC Zürich|Servette FC|101069|Gruppe 1
2022/23|2022-11-13|FC Lugano|FC Winterthur|101066|Gruppe 1
2022/23|2022-11-13|BSC Young Boys|FC Luzern|101065|Gruppe 1
2022/23|2023-01-21|FC Luzern|FC Zürich|101074|Gruppe 1
2022/23|2023-01-21|Grasshopper Club Zürich|BSC Young Boys|101072|Gruppe 1
2022/23|2023-01-22|FC Sion|FC Lugano|101073|Gruppe 1
2022/23|2023-01-22|FC St. Gallen 1879|FC Basel 1893|101070|Gruppe 1
2022/23|2023-01-28|FC Lugano|Grasshopper Club Zürich|101075|Gruppe 1
2022/23|2023-01-28|FC Basel 1893|FC Luzern|101076|Gruppe 1
2022/23|2023-01-29|BSC Young Boys|FC Winterthur|101079|Gruppe 1
2022/23|2023-01-29|Servette FC|FC Sion|101078|Gruppe 1
2022/23|2023-01-29|FC Zürich|FC St. Gallen 1879|101077|Gruppe 1
2022/23|2023-02-04|Grasshopper Club Zürich|FC Basel 1893|101083|Gruppe 1
2022/23|2023-02-04|FC St. Gallen 1879|Servette FC|101080|Gruppe 1
2022/23|2023-02-05|FC Sion|FC Zürich|101081|Gruppe 1
2022/23|2023-02-05|FC Winterthur|FC Lugano|101082|Gruppe 1
2022/23|2023-02-05|FC Luzern|BSC Young Boys|101084|Gruppe 1
2022/23|2023-02-11|Servette FC|Grasshopper Club Zürich|101088|Gruppe 1
2022/23|2023-02-11|FC Basel 1893|FC Sion|101086|Gruppe 1
2022/23|2023-02-12|FC Lugano|FC Luzern|101085|Gruppe 1
2022/23|2023-02-12|BSC Young Boys|FC St. Gallen 1879|101089|Gruppe 1
2022/23|2023-02-12|FC Zürich|FC Winterthur|101087|Gruppe 1
2022/23|2023-02-15|FC Winterthur|Servette FC|101071|Gruppe 1
2022/23|2023-02-18|FC Winterthur|FC Sion|101090|Gruppe 1
2022/23|2023-02-18|BSC Young Boys|FC Lugano|101092|Gruppe 1
2022/23|2023-02-19|FC St. Gallen 1879|FC Luzern|101093|Gruppe 1
2022/23|2023-02-19|Grasshopper Club Zürich|FC Zürich|101094|Gruppe 1
2022/23|2023-02-19|FC Basel 1893|Servette FC|101091|Gruppe 1
2022/23|2023-02-25|FC Sion|FC St. Gallen 1879|101099|Gruppe 1
2022/23|2023-02-25|FC Zürich|BSC Young Boys|101097|Gruppe 1
2022/23|2023-02-26|FC Luzern|Grasshopper Club Zürich|101095|Gruppe 1
2022/23|2023-02-26|Servette FC|FC Winterthur|101096|Gruppe 1
2022/23|2023-02-26|FC Lugano|FC Basel 1893|101098|Gruppe 1
2022/23|2023-03-04|FC Winterthur|BSC Young Boys|101100|Gruppe 1
2022/23|2023-03-04|FC Luzern|FC Basel 1893|101101|Gruppe 1
2022/23|2023-03-05|FC St. Gallen 1879|Grasshopper Club Zürich|101103|Gruppe 1
2022/23|2023-03-05|FC Zürich|Servette FC|101102|Gruppe 1
2022/23|2023-03-05|FC Sion|FC Lugano|101104|Gruppe 1
2022/23|2023-03-11|BSC Young Boys|FC Sion|101108|Gruppe 1
2022/23|2023-03-11|FC Lugano|FC Zürich|101107|Gruppe 1
2022/23|2023-03-12|Servette FC|FC Luzern|101109|Gruppe 1
2022/23|2023-03-12|Grasshopper Club Zürich|FC Winterthur|101105|Gruppe 1
2022/23|2023-03-12|FC Basel 1893|FC St. Gallen 1879|101106|Gruppe 1
2022/23|2023-03-18|FC Zürich|FC Luzern|101112|Gruppe 1
2022/23|2023-03-18|FC Sion|Grasshopper Club Zürich|101114|Gruppe 1
2022/23|2023-03-19|FC Winterthur|FC St. Gallen 1879|101111|Gruppe 1
2022/23|2023-03-19|BSC Young Boys|FC Basel 1893|101110|Gruppe 1
2022/23|2023-03-19|FC Lugano|Servette FC|101113|Gruppe 1
2022/23|2023-04-01|Servette FC|BSC Young Boys|101119|Gruppe 1
2022/23|2023-04-01|FC Basel 1893|FC Winterthur|101116|Gruppe 1
2022/23|2023-04-02|Grasshopper Club Zürich|FC Lugano|101115|Gruppe 1
2022/23|2023-04-02|FC Luzern|FC Sion|101118|Gruppe 1
2022/23|2023-04-02|FC St. Gallen 1879|FC Zürich|101117|Gruppe 1
2022/23|2023-04-08|FC Zürich|FC Basel 1893|101122|Gruppe 1
2022/23|2023-04-08|FC Sion|Servette FC|101124|Gruppe 1
2022/23|2023-04-10|FC Lugano|FC St. Gallen 1879|101123|Gruppe 1
2022/23|2023-04-10|BSC Young Boys|Grasshopper Club Zürich|101121|Gruppe 1
2022/23|2023-04-10|FC Winterthur|FC Luzern|101120|Gruppe 1
2022/23|2023-04-15|Servette FC|FC Lugano|101128|Gruppe 1
2022/23|2023-04-15|FC Luzern|FC Zürich|101129|Gruppe 1
2022/23|2023-04-16|FC St. Gallen 1879|FC Winterthur|101127|Gruppe 1
2022/23|2023-04-16|FC Basel 1893|BSC Young Boys|101126|Gruppe 1
2022/23|2023-04-16|Grasshopper Club Zürich|FC Sion|101125|Gruppe 1
2022/23|2023-04-22|FC Winterthur|Grasshopper Club Zürich|101130|Gruppe 1
2022/23|2023-04-22|BSC Young Boys|Servette FC|101131|Gruppe 1
2022/23|2023-04-23|FC Basel 1893|FC Luzern|101133|Gruppe 1
2022/23|2023-04-23|FC Zürich|FC St. Gallen 1879|101132|Gruppe 1
2022/23|2023-04-23|FC Lugano|FC Sion|101134|Gruppe 1
2022/23|2023-04-25|Grasshopper Club Zürich|BSC Young Boys|101135|Gruppe 1
2022/23|2023-04-26|FC St. Gallen 1879|FC Lugano|101136|Gruppe 1
2022/23|2023-04-26|Servette FC|FC Zürich|101138|Gruppe 1
2022/23|2023-04-27|FC Sion|FC Basel 1893|101137|Gruppe 1
2022/23|2023-04-27|FC Luzern|FC Winterthur|101139|Gruppe 1
2022/23|2023-04-29|FC Lugano|Grasshopper Club Zürich|101143|Gruppe 1
2022/23|2023-04-29|Servette FC|FC St. Gallen 1879|101144|Gruppe 1
2022/23|2023-04-30|FC Zürich|FC Sion|101142|Gruppe 1
2022/23|2023-04-30|BSC Young Boys|FC Luzern|101141|Gruppe 1
2022/23|2023-04-30|FC Winterthur|FC Basel 1893|101140|Gruppe 1
2022/23|2023-05-06|FC Sion|FC Winterthur|101147|Gruppe 1
2022/23|2023-05-06|FC St. Gallen 1879|BSC Young Boys|101146|Gruppe 1
2022/23|2023-05-07|FC Luzern|FC Lugano|101148|Gruppe 1
2022/23|2023-05-07|FC Basel 1893|FC Zürich|101145|Gruppe 1
2022/23|2023-05-07|Grasshopper Club Zürich|Servette FC|101149|Gruppe 1
2022/23|2023-05-13|Grasshopper Club Zürich|FC Luzern|101153|Gruppe 1
2022/23|2023-05-13|Servette FC|FC Sion|101150|Gruppe 1
2022/23|2023-05-14|BSC Young Boys|FC Zürich|101152|Gruppe 1
2022/23|2023-05-14|FC St. Gallen 1879|FC Basel 1893|101151|Gruppe 1
2022/23|2023-05-14|FC Lugano|FC Winterthur|101154|Gruppe 1
2022/23|2023-05-20|FC Winterthur|Servette FC|101157|Gruppe 1
2022/23|2023-05-20|FC Luzern|FC St. Gallen 1879|101159|Gruppe 1
2022/23|2023-05-21|FC Sion|BSC Young Boys|101158|Gruppe 1
2022/23|2023-05-21|FC Zürich|Grasshopper Club Zürich|101156|Gruppe 1
2022/23|2023-05-21|FC Basel 1893|FC Lugano|101155|Gruppe 1
2022/23|2023-05-25|FC Winterthur|FC Zürich|101164|Gruppe 1
2022/23|2023-05-25|Grasshopper Club Zürich|FC St. Gallen 1879|101163|Gruppe 1
2022/23|2023-05-25|Servette FC|FC Basel 1893|101161|Gruppe 1
2022/23|2023-05-25|FC Lugano|BSC Young Boys|101160|Gruppe 1
2022/23|2023-05-25|FC Sion|FC Luzern|101162|Gruppe 1
2022/23|2023-05-29|BSC Young Boys|FC Winterthur|101167|Gruppe 1
2022/23|2023-05-29|FC Zürich|FC Lugano|101165|Gruppe 1
2022/23|2023-05-29|FC St. Gallen 1879|FC Sion|101168|Gruppe 1
2022/23|2023-05-29|FC Basel 1893|Grasshopper Club Zürich|101166|Gruppe 1
2022/23|2023-05-29|FC Luzern|Servette FC|101169|Gruppe 1
2023/24|2023-07-22|Grasshopper Club Zürich|Servette FC|103685|Phase 1
2023/24|2023-07-22|FC St. Gallen 1879|FC Basel 1893|103690|Phase 1
2023/24|2023-07-22|FC Winterthur|FC Luzern|103689|Phase 1
2023/24|2023-07-23|FC Zürich|Yverdon Sport FC|103687|Phase 1
2023/24|2023-07-23|BSC Young Boys|FC Lausanne-Sport|103688|Phase 1
2023/24|2023-07-26|FC Stade-Lausanne-Ouchy|FC Lugano|103686|Phase 1
2023/24|2023-07-29|FC Lausanne-Sport|Grasshopper Club Zürich|103696|Phase 1
2023/24|2023-07-29|FC Lugano|FC St. Gallen 1879|103695|Phase 1
2023/24|2023-07-29|Servette FC|FC Zürich|103694|Phase 1
2023/24|2023-07-30|FC Luzern|FC Stade-Lausanne-Ouchy|103693|Phase 1
2023/24|2023-07-30|Yverdon Sport FC|BSC Young Boys|103691|Phase 1
2023/24|2023-07-30|FC Basel 1893|FC Winterthur|103692|Phase 1
2023/24|2023-08-05|FC Stade-Lausanne-Ouchy|Servette FC|103697|Phase 1
2023/24|2023-08-05|BSC Young Boys|FC Winterthur|103702|Phase 1
2023/24|2023-08-05|FC Zürich|FC Lugano|103701|Phase 1
2023/24|2023-08-06|FC Lausanne-Sport|Yverdon Sport FC|103700|Phase 1
2023/24|2023-08-06|FC St. Gallen 1879|FC Luzern|103698|Phase 1
2023/24|2023-08-06|Grasshopper Club Zürich|FC Basel 1893|103699|Phase 1
2023/24|2023-08-12|FC Winterthur|Grasshopper Club Zürich|103707|Phase 1
2023/24|2023-08-12|FC Stade-Lausanne-Ouchy|FC Zürich|103708|Phase 1
2023/24|2023-08-12|Servette FC|FC St. Gallen 1879|103706|Phase 1
2023/24|2023-08-13|FC Basel 1893|FC Lausanne-Sport|103705|Phase 1
2023/24|2023-08-13|FC Lugano|Yverdon Sport FC|103704|Phase 1
2023/24|2023-08-13|FC Luzern|BSC Young Boys|103703|Phase 1
2023/24|2023-08-26|Yverdon Sport FC|Servette FC|103711|Phase 1
2023/24|2023-08-26|FC Zürich|FC St. Gallen 1879|103710|Phase 1
2023/24|2023-08-27|Grasshopper Club Zürich|FC Luzern|103713|Phase 1
2023/24|2023-08-27|FC Lausanne-Sport|FC Winterthur|103712|Phase 1
2023/24|2023-09-02|FC St. Gallen 1879|FC Lausanne-Sport|103717|Phase 1
2023/24|2023-09-02|FC Stade-Lausanne-Ouchy|Grasshopper Club Zürich|103718|Phase 1
2023/24|2023-09-02|FC Winterthur|Yverdon Sport FC|103719|Phase 1
2023/24|2023-09-03|Servette FC|BSC Young Boys|103720|Phase 1
2023/24|2023-09-03|FC Luzern|FC Lugano|103715|Phase 1
2023/24|2023-09-03|FC Basel 1893|FC Zürich|103716|Phase 1
2023/24|2023-09-23|FC Winterthur|FC Stade-Lausanne-Ouchy|103723|Phase 1
2023/24|2023-09-23|FC Lausanne-Sport|FC Zürich|103724|Phase 1
2023/24|2023-09-23|Grasshopper Club Zürich|FC St. Gallen 1879|103726|Phase 1
2023/24|2023-09-24|Yverdon Sport FC|FC Basel 1893|103725|Phase 1
2023/24|2023-09-24|BSC Young Boys|FC Lugano|103721|Phase 1
2023/24|2023-09-24|FC Luzern|Servette FC|103722|Phase 1
2023/24|2023-09-26|FC Zürich|Grasshopper Club Zürich|103732|Phase 1
2023/24|2023-09-27|FC Lugano|FC Lausanne-Sport|103731|Phase 1
2023/24|2023-09-27|Servette FC|FC Winterthur|103730|Phase 1
2023/24|2023-09-27|FC St. Gallen 1879|BSC Young Boys|103729|Phase 1
2023/24|2023-09-28|FC Stade-Lausanne-Ouchy|Yverdon Sport FC|103727|Phase 1
2023/24|2023-09-28|FC Basel 1893|FC Luzern|103728|Phase 1
2023/24|2023-09-30|Servette FC|FC Lausanne-Sport|103738|Phase 1
2023/24|2023-09-30|FC Winterthur|FC Lugano|103737|Phase 1
2023/24|2023-09-30|Grasshopper Club Zürich|BSC Young Boys|103736|Phase 1
2023/24|2023-10-01|Yverdon Sport FC|FC St. Gallen 1879|103735|Phase 1
2023/24|2023-10-01|FC Luzern|FC Zürich|103733|Phase 1
2023/24|2023-10-01|FC Basel 1893|FC Stade-Lausanne-Ouchy|103734|Phase 1
2023/24|2023-10-07|FC Zürich|FC Winterthur|103743|Phase 1
2023/24|2023-10-07|Yverdon Sport FC|Grasshopper Club Zürich|103744|Phase 1
2023/24|2023-10-07|FC St. Gallen 1879|FC Stade-Lausanne-Ouchy|103742|Phase 1
2023/24|2023-10-08|FC Lugano|Servette FC|103741|Phase 1
2023/24|2023-10-08|BSC Young Boys|FC Basel 1893|103739|Phase 1
2023/24|2023-10-08|FC Lausanne-Sport|FC Luzern|103740|Phase 1
2023/24|2023-10-21|BSC Young Boys|FC Zürich|103747|Phase 1
2023/24|2023-10-21|FC Stade-Lausanne-Ouchy|FC Lausanne-Sport|103748|Phase 1
2023/24|2023-10-21|FC Basel 1893|Servette FC|103746|Phase 1
2023/24|2023-10-22|FC Winterthur|FC St. Gallen 1879|103745|Phase 1
2023/24|2023-10-22|FC Luzern|Yverdon Sport FC|103749|Phase 1
2023/24|2023-10-22|Grasshopper Club Zürich|FC Lugano|103750|Phase 1
2023/24|2023-10-28|FC St. Gallen 1879|Grasshopper Club Zürich|103753|Phase 1
2023/24|2023-10-28|Yverdon Sport FC|FC Winterthur|103752|Phase 1
2023/24|2023-10-28|FC Zürich|FC Stade-Lausanne-Ouchy|103751|Phase 1
2023/24|2023-10-29|FC Lausanne-Sport|FC Basel 1893|103756|Phase 1
2023/24|2023-10-29|Servette FC|FC Luzern|103754|Phase 1
2023/24|2023-10-29|FC Lugano|BSC Young Boys|103755|Phase 1
2023/24|2023-11-04|FC Lausanne-Sport|FC Lugano|103761|Phase 1
2023/24|2023-11-04|FC Winterthur|BSC Young Boys|103758|Phase 1
2023/24|2023-11-04|FC Zürich|Servette FC|103757|Phase 1
2023/24|2023-11-05|FC Luzern|Grasshopper Club Zürich|103760|Phase 1
2023/24|2023-11-05|FC Stade-Lausanne-Ouchy|FC St. Gallen 1879|103759|Phase 1
2023/24|2023-11-05|FC Basel 1893|Yverdon Sport FC|103762|Phase 1
2023/24|2023-11-11|FC St. Gallen 1879|FC Winterthur|103763|Phase 1
2023/24|2023-11-11|Yverdon Sport FC|FC Lausanne-Sport|103767|Phase 1
2023/24|2023-11-11|BSC Young Boys|FC Luzern|103768|Phase 1
2023/24|2023-11-12|Grasshopper Club Zürich|FC Stade-Lausanne-Ouchy|103766|Phase 1
2023/24|2023-11-12|Servette FC|FC Basel 1893|103764|Phase 1
2023/24|2023-11-12|FC Lugano|FC Zürich|103765|Phase 1
2023/24|2023-11-25|FC Luzern|FC Winterthur|103772|Phase 1
2023/24|2023-11-25|FC Zürich|BSC Young Boys|103769|Phase 1
2023/24|2023-11-25|Yverdon Sport FC|FC Lugano|103770|Phase 1
2023/24|2023-11-26|FC Lausanne-Sport|FC Stade-Lausanne-Ouchy|103773|Phase 1
2023/24|2023-11-26|FC Basel 1893|FC St. Gallen 1879|103774|Phase 1
2023/24|2023-11-26|Servette FC|Grasshopper Club Zürich|103771|Phase 1
2023/24|2023-12-02|Grasshopper Club Zürich|FC Lausanne-Sport|103780|Phase 1
2023/24|2023-12-02|FC Stade-Lausanne-Ouchy|FC Basel 1893|103777|Phase 1
2023/24|2023-12-03|BSC Young Boys|Servette FC|103775|Phase 1
2023/24|2023-12-03|FC Lugano|FC Luzern|103779|Phase 1
2023/24|2023-12-06|FC St. Gallen 1879|Yverdon Sport FC|103778|Phase 1
2023/24|2023-12-06|FC Lugano|FC Basel 1893|103714|Phase 1
2023/24|2023-12-06|BSC Young Boys|FC Stade-Lausanne-Ouchy|103709|Phase 1
2023/24|2023-12-09|FC Basel 1893|Grasshopper Club Zürich|103781|Phase 1
2023/24|2023-12-09|BSC Young Boys|FC St. Gallen 1879|103786|Phase 1
2023/24|2023-12-09|FC Lausanne-Sport|Servette FC|103784|Phase 1
2023/24|2023-12-10|FC Lugano|FC Winterthur|103782|Phase 1
2023/24|2023-12-10|Yverdon Sport FC|FC Stade-Lausanne-Ouchy|103783|Phase 1
2023/24|2023-12-10|FC Zürich|FC Luzern|103785|Phase 1
2023/24|2023-12-13|FC Winterthur|FC Zürich|103776|Phase 1
2023/24|2023-12-16|FC St. Gallen 1879|FC Zürich|103789|Phase 1
2023/24|2023-12-16|FC Stade-Lausanne-Ouchy|BSC Young Boys|103788|Phase 1
2023/24|2023-12-16|Grasshopper Club Zürich|Yverdon Sport FC|103792|Phase 1
2023/24|2023-12-17|FC Winterthur|FC Lausanne-Sport|103787|Phase 1
2023/24|2023-12-17|Servette FC|FC Lugano|103790|Phase 1
2023/24|2023-12-17|FC Luzern|FC Basel 1893|103791|Phase 1
2023/24|2024-01-20|BSC Young Boys|Grasshopper Club Zürich|103795|Phase 1
2023/24|2024-01-20|FC Lausanne-Sport|FC St. Gallen 1879|103798|Phase 1
2023/24|2024-01-21|FC Lugano|FC Stade-Lausanne-Ouchy|103797|Phase 1
2023/24|2024-01-21|FC Zürich|FC Basel 1893|103793|Phase 1
2023/24|2024-01-23|FC Winterthur|Servette FC|103796|Phase 1
2023/24|2024-01-23|Yverdon Sport FC|FC Luzern|103794|Phase 1
2023/24|2024-01-27|Servette FC|Yverdon Sport FC|103801|Phase 1
2023/24|2024-01-27|FC Stade-Lausanne-Ouchy|FC Winterthur|103799|Phase 1
2023/24|2024-01-27|FC Basel 1893|BSC Young Boys|103804|Phase 1
2023/24|2024-01-28|FC St. Gallen 1879|FC Lugano|103800|Phase 1
2023/24|2024-01-28|Grasshopper Club Zürich|FC Zürich|103803|Phase 1
2023/24|2024-01-28|FC Luzern|FC Lausanne-Sport|103802|Phase 1
2023/24|2024-01-30|BSC Young Boys|Yverdon Sport FC|103806|Phase 1
2023/24|2024-01-30|FC Winterthur|FC Basel 1893|103807|Phase 1
2023/24|2024-01-31|FC St. Gallen 1879|Servette FC|103809|Phase 1
2023/24|2024-01-31|FC Zürich|FC Lausanne-Sport|103805|Phase 1
2023/24|2024-01-31|FC Lugano|Grasshopper Club Zürich|103810|Phase 1
2023/24|2024-02-01|FC Stade-Lausanne-Ouchy|FC Luzern|103808|Phase 1
2023/24|2024-02-03|FC Lausanne-Sport|BSC Young Boys|103812|Phase 1
2023/24|2024-02-03|Grasshopper Club Zürich|FC Winterthur|103813|Phase 1
2023/24|2024-02-03|FC Basel 1893|FC Lugano|103814|Phase 1
2023/24|2024-02-04|Yverdon Sport FC|FC Zürich|103815|Phase 1
2023/24|2024-02-04|FC Luzern|FC St. Gallen 1879|103811|Phase 1
2023/24|2024-02-04|Servette FC|FC Stade-Lausanne-Ouchy|103816|Phase 1
2023/24|2024-02-10|FC Zürich|Grasshopper Club Zürich|188972|Phase 2
2023/24|2024-02-10|FC Stade-Lausanne-Ouchy|FC Lausanne-Sport|188971|Phase 2
2023/24|2024-02-10|FC Lugano|BSC Young Boys|188973|Phase 2
2023/24|2024-02-11|FC Winterthur|FC Luzern|188974|Phase 2
2023/24|2024-02-11|Yverdon Sport FC|Servette FC|188976|Phase 2
2023/24|2024-02-11|FC Basel 1893|FC St. Gallen 1879|188975|Phase 2
2023/24|2024-02-17|FC St. Gallen 1879|FC Winterthur|188978|Phase 2
2023/24|2024-02-17|FC Lausanne-Sport|Yverdon Sport FC|188977|Phase 2
2023/24|2024-02-17|Grasshopper Club Zürich|FC Basel 1893|188979|Phase 2
2023/24|2024-02-18|BSC Young Boys|FC Stade-Lausanne-Ouchy|188980|Phase 2
2023/24|2024-02-18|FC Luzern|FC Zürich|188981|Phase 2
2023/24|2024-02-18|Servette FC|FC Lugano|188982|Phase 2
2023/24|2024-02-24|FC St. Gallen 1879|FC Stade-Lausanne-Ouchy|188983|Phase 2
2023/24|2024-02-24|Yverdon Sport FC|FC Basel 1893|188984|Phase 2
2023/24|2024-02-24|Grasshopper Club Zürich|FC Luzern|188985|Phase 2
2023/24|2024-02-25|FC Lugano|FC Zürich|188986|Phase 2
2023/24|2024-02-25|FC Lausanne-Sport|FC Winterthur|188987|Phase 2
2023/24|2024-02-25|BSC Young Boys|Servette FC|188988|Phase 2
2023/24|2024-03-02|FC Stade-Lausanne-Ouchy|Grasshopper Club Zürich|188990|Phase 2
2023/24|2024-03-02|Servette FC|FC St. Gallen 1879|188989|Phase 2
2023/24|2024-03-02|FC Basel 1893|FC Lausanne-Sport|188991|Phase 2
2023/24|2024-03-03|FC Luzern|FC Lugano|188992|Phase 2
2023/24|2024-03-03|FC Winterthur|Yverdon Sport FC|188993|Phase 2
2023/24|2024-03-03|FC Zürich|BSC Young Boys|188994|Phase 2
2023/24|2024-03-09|FC Winterthur|Grasshopper Club Zürich|188995|Phase 2
2023/24|2024-03-09|Yverdon Sport FC|FC Zürich|188996|Phase 2
2023/24|2024-03-09|FC St. Gallen 1879|FC Lugano|188997|Phase 2
2023/24|2024-03-10|Servette FC|FC Lausanne-Sport|188998|Phase 2
2023/24|2024-03-10|BSC Young Boys|FC Basel 1893|189000|Phase 2
2023/24|2024-03-10|FC Stade-Lausanne-Ouchy|FC Luzern|188999|Phase 2
2023/24|2024-03-16|Grasshopper Club Zürich|FC St. Gallen 1879|189002|Phase 2
2023/24|2024-03-16|FC Basel 1893|FC Winterthur|189001|Phase 2
2023/24|2024-03-16|FC Lugano|Yverdon Sport FC|189003|Phase 2
2023/24|2024-03-17|FC Zürich|FC Stade-Lausanne-Ouchy|189004|Phase 2
2023/24|2024-03-17|FC Lausanne-Sport|BSC Young Boys|189005|Phase 2
2023/24|2024-03-17|FC Luzern|Servette FC|189006|Phase 2
2023/24|2024-03-30|FC Winterthur|Servette FC|189008|Phase 2
2023/24|2024-03-30|FC Stade-Lausanne-Ouchy|FC Lugano|189007|Phase 2
2023/24|2024-03-30|FC Basel 1893|FC Zürich|189009|Phase 2
2023/24|2024-04-01|Yverdon Sport FC|BSC Young Boys|189010|Phase 2
2023/24|2024-04-01|Grasshopper Club Zürich|FC Lausanne-Sport|189011|Phase 2
2023/24|2024-04-01|FC St. Gallen 1879|FC Luzern|189012|Phase 2
2023/24|2024-04-02|FC Lugano|FC Basel 1893|189013|Phase 2
2023/24|2024-04-03|FC Zürich|FC Winterthur|189015|Phase 2
2023/24|2024-04-03|Servette FC|FC Stade-Lausanne-Ouchy|189014|Phase 2
2023/24|2024-04-04|BSC Young Boys|Grasshopper Club Zürich|189018|Phase 2
2023/24|2024-04-04|FC Lausanne-Sport|FC St. Gallen 1879|189016|Phase 2
2023/24|2024-04-04|FC Luzern|Yverdon Sport FC|189017|Phase 2
2023/24|2024-04-06|FC Stade-Lausanne-Ouchy|FC Basel 1893|189019|Phase 2
2023/24|2024-04-06|FC Winterthur|FC Lugano|189020|Phase 2
2023/24|2024-04-06|Servette FC|FC Zürich|189021|Phase 2
2023/24|2024-04-07|FC Luzern|FC Lausanne-Sport|189022|Phase 2
2023/24|2024-04-07|FC St. Gallen 1879|BSC Young Boys|189023|Phase 2
2023/24|2024-04-07|Yverdon Sport FC|Grasshopper Club Zürich|189024|Phase 2
2023/24|2024-04-13|Grasshopper Club Zürich|FC Lugano|189025|Phase 2
2023/24|2024-04-13|FC Lausanne-Sport|FC Zürich|189026|Phase 2
2023/24|2024-04-13|FC St. Gallen 1879|Yverdon Sport FC|189027|Phase 2
2023/24|2024-04-14|FC Basel 1893|Servette FC|189028|Phase 2
2023/24|2024-04-14|FC Stade-Lausanne-Ouchy|FC Winterthur|189029|Phase 2
2023/24|2024-04-14|BSC Young Boys|FC Luzern|189030|Phase 2
2023/24|2024-04-20|Yverdon Sport FC|FC Stade-Lausanne-Ouchy|189035|Phase 2
2023/24|2024-04-20|Servette FC|Grasshopper Club Zürich|189033|Phase 2
2023/24|2024-04-20|FC Lugano|FC Lausanne-Sport|189031|Phase 2
2023/24|2024-04-21|FC Winterthur|BSC Young Boys|189034|Phase 2
2023/24|2024-04-21|FC Luzern|FC Basel 1893|189032|Phase 2
2023/24|2024-04-21|FC Zürich|FC St. Gallen 1879|189036|Phase 2
2023/24|2024-05-04|Servette FC|FC Winterthur|228076|Championship Group
2023/24|2024-05-04|FC Lugano|FC St. Gallen 1879|228077|Championship Group
2023/24|2024-05-05|FC Zürich|BSC Young Boys|228078|Championship Group
2023/24|2024-05-11|BSC Young Boys|FC Lugano|228079|Championship Group
2023/24|2024-05-12|FC Winterthur|FC Zürich|228080|Championship Group
2023/24|2024-05-12|FC St. Gallen 1879|Servette FC|228081|Championship Group
2023/24|2024-05-15|FC Zürich|Servette FC|228082|Championship Group
2023/24|2024-05-16|FC Lugano|FC Winterthur|228083|Championship Group
2023/24|2024-05-16|BSC Young Boys|FC St. Gallen 1879|228084|Championship Group
2023/24|2024-05-20|FC Zürich|FC Lugano|228087|Championship Group
2023/24|2024-05-20|Servette FC|BSC Young Boys|228085|Championship Group
2023/24|2024-05-20|FC Winterthur|FC St. Gallen 1879|228086|Championship Group
2023/24|2024-05-25|FC Lugano|Servette FC|228088|Championship Group
2023/24|2024-05-25|BSC Young Boys|FC Winterthur|228090|Championship Group
2023/24|2024-05-25|FC St. Gallen 1879|FC Zürich|228089|Championship Group
2023/24|2024-05-04|Grasshopper Club Zürich|FC Stade-Lausanne-Ouchy|228091|Relegation Group
2023/24|2024-05-05|FC Basel 1893|FC Luzern|228092|Relegation Group
2023/24|2024-05-05|Yverdon Sport FC|FC Lausanne-Sport|228093|Relegation Group
2023/24|2024-05-10|FC Luzern|Grasshopper Club Zürich|228095|Relegation Group
2023/24|2024-05-10|FC Lausanne-Sport|FC Basel 1893|228094|Relegation Group
2023/24|2024-05-11|FC Stade-Lausanne-Ouchy|Yverdon Sport FC|228096|Relegation Group
2023/24|2024-05-14|FC Basel 1893|FC Stade-Lausanne-Ouchy|228097|Relegation Group
2023/24|2024-05-14|Grasshopper Club Zürich|Yverdon Sport FC|228098|Relegation Group
2023/24|2024-05-15|FC Lausanne-Sport|FC Luzern|228099|Relegation Group
2023/24|2024-05-18|FC Stade-Lausanne-Ouchy|FC Lausanne-Sport|228101|Relegation Group
2023/24|2024-05-18|Grasshopper Club Zürich|FC Basel 1893|228100|Relegation Group
2023/24|2024-05-18|Yverdon Sport FC|FC Luzern|228102|Relegation Group
2023/24|2024-05-21|FC Luzern|FC Stade-Lausanne-Ouchy|228105|Relegation Group
2023/24|2024-05-21|FC Basel 1893|Yverdon Sport FC|228103|Relegation Group
2023/24|2024-05-21|FC Lausanne-Sport|Grasshopper Club Zürich|228104|Relegation Group
