2022/23|2022-07-16|BSC Young Boys|FC Zürich|Regular Season
2022/23|2022-07-16|FC Winterthur|FC Basel 1893|Regular Season
2022/23|2022-07-17|Servette FC|FC St.Gallen 1879|Regular Season
2022/23|2022-07-17|FC Lugano|FC Sion|Regular Season
2022/23|2022-07-23|FC Zürich|FC Luzern|Regular Season
2022/23|2022-07-23|FC St.Gallen 1879|FC Winterthur|Regular Season
2022/23|2022-07-24|FC Basel 1893|Servette FC|Regular Season
2022/23|2022-07-24|FC Sion|BSC Young Boys|Regular Season
2022/23|2022-07-24|Grasshopper Club Zürich|FC Lugano|Regular Season
2022/23|2022-07-30|FC St.Gallen 1879|FC Zürich|Regular Season
2022/23|2022-07-30|FC Sion|Servette FC|Regular Season
2022/23|2022-07-31|BSC Young Boys|Grasshopper Club Zürich|Regular Season
2022/23|2022-07-31|FC Winterthur|FC Lugano|Regular Season
2022/23|2022-08-06|Servette FC|FC Winterthur|Regular Season
2022/23|2022-08-06|Grasshopper Club Zürich|FC St.Gallen 1879|Regular Season
2022/23|2022-08-07|FC Zürich|FC Sion|Regular Season
2022/23|2022-08-07|FC Lugano|FC Luzern|Regular Season
2022/23|2022-08-07|FC Basel 1893|BSC Young Boys|Regular Season
2022/23|2022-08-10|FC Luzern|Grasshopper Club Zürich|Regular Season
2022/23|2022-08-13|FC Sion|Grasshopper Club Zürich|Regular Season
2022/23|2022-08-13|FC St.Gallen 1879|FC Luzern|Regular Season
2022/23|2022-08-14|FC Winterthur|FC Zürich|Regular Season
2022/23|2022-08-14|BSC Young Boys|Servette FC|Regular Season
2022/23|2022-08-14|FC Basel 1893|FC Lugano|Regular Season
2022/23|2022-08-27|FC Luzern|FC Sion|Regular Season
2022/23|2022-08-27|Servette FC|Grasshopper Club Zürich|Regular Season
2022/23|2022-08-28|FC Lugano|FC St.Gallen 1879|Regular Season
2022/23|2022-08-28|FC Zürich|FC Basel 1893|Regular Season
2022/23|2022-08-28|FC Winterthur|BSC Young Boys|Regular Season
2022/23|2022-09-03|FC Sion|FC Basel 1893|Regular Season
2022/23|2022-09-03|FC Zürich|FC Lugano|Regular Season
2022/23|2022-09-04|FC Luzern|Servette FC|Regular Season
2022/23|2022-09-04|FC St.Gallen 1879|BSC Young Boys|Regular Season
2022/23|2022-09-04|Grasshopper Club Zürich|FC Winterthur|Regular Season
2022/23|2022-09-10|FC St.Gallen 1879|FC Sion|Regular Season
2022/23|2022-09-10|FC Winterthur|FC Luzern|Regular Season
2022/23|2022-09-11|Servette FC|FC Zürich|Regular Season
2022/23|2022-09-11|FC Basel 1893|Grasshopper Club Zürich|Regular Season
2022/23|2022-09-11|BSC Young Boys|FC Lugano|Regular Season
2022/23|2022-10-01|FC Basel 1893|FC St.Gallen 1879|Regular Season
2022/23|2022-10-01|Grasshopper Club Zürich|FC Zürich|Regular Season
2022/23|2022-10-02|FC Sion|FC Winterthur|Regular Season
2022/23|2022-10-02|FC Luzern|BSC Young Boys|Regular Season
2022/23|2022-10-02|FC Lugano|Servette FC|Regular Season
2022/23|2022-10-08|Grasshopper Club Zürich|FC Sion|Regular Season
2022/23|2022-10-08|BSC Young Boys|FC St.Gallen 1879|Regular Season
2022/23|2022-10-09|Servette FC|FC Luzern|Regular Season
2022/23|2022-10-09|FC Zürich|FC Winterthur|Regular Season
2022/23|2022-10-09|FC Lugano|FC Basel 1893|Regular Season
2022/23|2022-10-15|FC Sion|FC Luzern|Regular Season
2022/23|2022-10-15|FC Winterthur|Grasshopper Club Zürich|Regular Season
2022/23|2022-10-16|FC St.Gallen 1879|FC Lugano|Regular Season
2022/23|2022-10-16|FC Zürich|BSC Young Boys|Regular Season
2022/23|2022-10-16|Servette FC|FC Basel 1893|Regular Season
2022/23|2022-10-18|FC Winterthur|FC Sion|Regular Season
2022/23|2022-10-19|FC Luzern|FC St.Gallen 1879|Regular Season
2022/23|2022-10-19|FC Lugano|BSC Young Boys|Regular Season
2022/23|2022-10-20|Grasshopper Club Zürich|Servette FC|Regular Season
2022/23|2022-10-20|FC Basel 1893|FC Zürich|Regular Season
2022/23|2022-10-22|BSC Young Boys|FC Sion|Regular Season
2022/23|2022-10-22|FC Luzern|FC Lugano|Regular Season
2022/23|2022-10-23|FC Basel 1893|FC Winterthur|Regular Season
2022/23|2022-10-23|FC Zürich|Grasshopper Club Zürich|Regular Season
2022/23|2022-10-23|FC St.Gallen 1879|Servette FC|Regular Season
2022/23|2022-10-29|Grasshopper Club Zürich|FC Luzern|Regular Season
2022/23|2022-10-29|Servette FC|FC Lugano|Regular Season
2022/23|2022-10-30|FC Sion|FC Zürich|Regular Season
2022/23|2022-10-30|FC Winterthur|FC St.Gallen 1879|Regular Season
2022/23|2022-10-30|BSC Young Boys|FC Basel 1893|Regular Season
2022/23|2022-11-05|FC St.Gallen 1879|Grasshopper Club Zürich|Regular Season
2022/23|2022-11-05|FC Luzern|FC Winterthur|Regular Season
2022/23|2022-11-06|Servette FC|BSC Young Boys|Regular Season
2022/23|2022-11-06|FC Lugano|FC Zürich|Regular Season
2022/23|2022-11-06|FC Basel 1893|FC Sion|Regular Season
2022/23|2022-11-09|FC Luzern|FC Basel 1893|Regular Season
2022/23|2022-11-12|FC Sion|FC St.Gallen 1879|Regular Season
2022/23|2022-11-12|Grasshopper Club Zürich|FC Basel 1893|Regular Season
2022/23|2022-11-13|FC Zürich|Servette FC|Regular Season
2022/23|2022-11-13|BSC Young Boys|FC Luzern|Regular Season
2022/23|2022-11-13|FC Lugano|FC Winterthur|Regular Season
2022/23|2023-01-21|FC Luzern|FC Zürich|Regular Season
2022/23|2023-01-21|Grasshopper Club Zürich|BSC Young Boys|Regular Season
2022/23|2023-01-22|FC Sion|FC Lugano|Regular Season
2022/23|2023-01-22|FC St.Gallen 1879|FC Basel 1893|Regular Season
2022/23|2023-01-28|FC Lugano|Grasshopper Club Zürich|Regular Season
2022/23|2023-01-28|FC Basel 1893|FC Luzern|Regular Season
2022/23|2023-01-29|BSC Young Boys|FC Winterthur|Regular Season
2022/23|2023-01-29|FC Zürich|FC St.Gallen 1879|Regular Season
2022/23|2023-01-29|Servette FC|FC Sion|Regular Season
2022/23|2023-02-04|Grasshopper Club Zürich|FC Basel 1893|Regular Season
2022/23|2023-02-04|FC St.Gallen 1879|Servette FC|Regular Season
2022/23|2023-02-05|FC Sion|FC Zürich|Regular Season
2022/23|2023-02-05|FC Winterthur|FC Lugano|Regular Season
2022/23|2023-02-05|FC Luzern|BSC Young Boys|Regular Season
2022/23|2023-02-11|Servette FC|Grasshopper Club Zürich|Regular Season
2022/23|2023-02-11|FC Basel 1893|FC Sion|Regular Season
2022/23|2023-02-12|FC Lugano|FC Luzern|Regular Season
2022/23|2023-02-12|FC Zürich|FC Winterthur|Regular Season
2022/23|2023-02-12|BSC Young Boys|FC St.Gallen 1879|Regular Season
2022/23|2023-02-15|FC Winterthur|Servette FC|Regular Season
2022/23|2023-02-18|FC Winterthur|FC Sion|Regular Season
2022/23|2023-02-18|BSC Young Boys|FC Lugano|Regular Season
2022/23|2023-02-19|FC St.Gallen 1879|FC Luzern|Regular Season
2022/23|2023-02-19|Grasshopper Club Zürich|FC Zürich|Regular Season
2022/23|2023-02-19|FC Basel 1893|Servette FC|Regular Season
2022/23|2023-02-25|FC Sion|FC St.Gallen 1879|Regular Season
2022/23|2023-02-25|FC Zürich|BSC Young Boys|Regular Season
2022/23|2023-02-26|FC Luzern|Grasshopper Club Zürich|Regular Season
2022/23|2023-02-26|Servette FC|FC Winterthur|Regular Season
2022/23|2023-02-26|FC Lugano|FC Basel 1893|Regular Season
2022/23|2023-03-04|FC Winterthur|BSC Young Boys|Regular Season
2022/23|2023-03-04|FC Luzern|FC Basel 1893|Regular Season
2022/23|2023-03-05|FC St.Gallen 1879|Grasshopper Club Zürich|Regular Season
2022/23|2023-03-05|FC Zürich|Servette FC|Regular Season
2022/23|2023-03-05|FC Sion|FC Lugano|Regular Season
2022/23|2023-03-11|BSC Young Boys|FC Sion|Regular Season
2022/23|2023-03-11|FC Lugano|FC Zürich|Regular Season
2022/23|2023-03-12|Servette FC|FC Luzern|Regular Season
2022/23|2023-03-12|Grasshopper Club Zürich|FC Winterthur|Regular Season
2022/23|2023-03-12|FC Basel 1893|FC St.Gallen 1879|Regular Season
2022/23|2023-03-18|FC Zürich|FC Luzern|Regular Season
2022/23|2023-03-18|FC Sion|Grasshopper Club Zürich|Regular Season
2022/23|2023-03-19|FC Winterthur|FC St.Gallen 1879|Regular Season
2022/23|2023-03-19|BSC Young Boys|FC Basel 1893|Regular Season
2022/23|2023-03-19|FC Lugano|Servette FC|Regular Season
2022/23|2023-04-01|Servette FC|BSC Young Boys|Regular Season
2022/23|2023-04-01|FC Basel 1893|FC Winterthur|Regular Season
2022/23|2023-04-02|Grasshopper Club Zürich|FC Lugano|Regular Season
2022/23|2023-04-02|FC St.Gallen 1879|FC Zürich|Regular Season
2022/23|2023-04-02|FC Luzern|FC Sion|Regular Season
2022/23|2023-04-08|FC Zürich|FC Basel 1893|Regular Season
2022/23|2023-04-08|FC Sion|Servette FC|Regular Season
2022/23|2023-04-10|FC Lugano|FC St.Gallen 1879|Regular Season
2022/23|2023-04-10|BSC Young Boys|Grasshopper Club Zürich|Regular Season
2022/23|2023-04-10|FC Winterthur|FC Luzern|Regular Season
2022/23|2023-04-15|Servette FC|FC Lugano|Regular Season
2022/23|2023-04-15|FC Luzern|FC Zürich|Regular Season
2022/23|2023-04-16|FC St.Gallen 1879|FC Winterthur|Regular Season
2022/23|2023-04-16|Grasshopper Club Zürich|FC Sion|Regular Season
2022/23|2023-04-16|FC Basel 1893|BSC Young Boys|Regular Season
2022/23|2023-04-22|FC Winterthur|Grasshopper Club Zürich|Regular Season
2022/23|2023-04-22|BSC Young Boys|Servette FC|Regular Season
2022/23|2023-04-23|FC Basel 1893|FC Luzern|Regular Season
2022/23|2023-04-23|FC Zürich|FC St.Gallen 1879|Regular Season
2022/23|2023-04-23|FC Lugano|FC Sion|Regular Season
2022/23|2023-04-25|Grasshopper Club Zürich|BSC Young Boys|Regular Season
2022/23|2023-04-26|FC St.Gallen 1879|FC Lugano|Regular Season
2022/23|2023-04-26|Servette FC|FC Zürich|Regular Season
2022/23|2023-04-27|FC Sion|FC Basel 1893|Regular Season
2022/23|2023-04-27|FC Luzern|FC Winterthur|Regular Season
2022/23|2023-04-29|Servette FC|FC St.Gallen 1879|Regular Season
2022/23|2023-04-29|FC Lugano|Grasshopper Club Zürich|Regular Season
2022/23|2023-04-30|FC Zürich|FC Sion|Regular Season
2022/23|2023-04-30|BSC Young Boys|FC Luzern|Regular Season
2022/23|2023-04-30|FC Winterthur|FC Basel 1893|Regular Season
2022/23|2023-05-06|FC Sion|FC Winterthur|Regular Season
2022/23|2023-05-06|FC St.Gallen 1879|BSC Young Boys|Regular Season
2022/23|2023-05-07|FC Luzern|FC Lugano|Regular Season
2022/23|2023-05-07|Grasshopper Club Zürich|Servette FC|Regular Season
2022/23|2023-05-07|FC Basel 1893|FC Zürich|Regular Season
2022/23|2023-05-13|Grasshopper Club Zürich|FC Luzern|Regular Season
2022/23|2023-05-13|Servette FC|FC Sion|Regular Season
2022/23|2023-05-14|BSC Young Boys|FC Zürich|Regular Season
2022/23|2023-05-14|FC St.Gallen 1879|FC Basel 1893|Regular Season
2022/23|2023-05-14|FC Lugano|FC Winterthur|Regular Season
2022/23|2023-05-20|FC Winterthur|Servette FC|Regular Season
2022/23|2023-05-20|FC Luzern|FC St.Gallen 1879|Regular Season
2022/23|2023-05-21|FC Sion|BSC Young Boys|Regular Season
2022/23|2023-05-21|FC Zürich|Grasshopper Club Zürich|Regular Season
2022/23|2023-05-21|FC Basel 1893|FC Lugano|Regular Season
2022/23|2023-05-25|FC Winterthur|FC Zürich|Regular Season
2022/23|2023-05-25|FC Sion|FC Luzern|Regular Season
2022/23|2023-05-25|Servette FC|FC Basel 1893|Regular Season
2022/23|2023-05-25|FC Lugano|BSC Young Boys|Regular Season
2022/23|2023-05-25|Grasshopper Club Zürich|FC St.Gallen 1879|Regular Season
2022/23|2023-05-29|FC Zürich|FC Lugano|Regular Season
2022/23|2023-05-29|BSC Young Boys|FC Winterthur|Regular Season
2022/23|2023-05-29|FC St.Gallen 1879|FC Sion|Regular Season
2022/23|2023-05-29|FC Luzern|Servette FC|Regular Season
2022/23|2023-05-29|FC Basel 1893|Grasshopper Club Zürich|Regular Season
2022/23|2023-06-03|FC Sion|FC Stade-Lausanne-Ouchy|Barrage
2022/23|2023-06-06|FC Stade-Lausanne-Ouchy|FC Sion|Barrage
