season,round,stable_key,date_jst,home_en,away_en,home_zh_best_effort,away_zh_best_effort
2024,9,j1_2024_avispa_fukuoka_vs_jubilo_iwata,2024-04-20,avispa_fukuoka,jubilo_iwata,福冈黄蜂,磐田喜悦
2024,9,j1_2024_consadole_sapporo_vs_sanfrecce_hiroshima,2024-04-20,consadole_sapporo,sanfrecce_hiroshima,札幌冈萨多,广岛三箭
2024,9,j1_2024_kawasaki_frontale_vs_tokyo_verdy,2024-04-20,kawasaki_frontale,tokyo_verdy,川崎前锋,东京绿茵
2024,9,j1_2024_kyoto_sanga_vs_albirex_niigata,2024-04-20,kyoto_sanga,albirex_niigata,京都不死鸟,新潟天鹅
2024,9,j1_2024_sagan_tosu_vs_kashima_antlers,2024-04-20,sagan_tosu,kashima_antlers,鸟栖沙岩,鹿岛鹿角
2024,9,j1_2024_shonan_bellmare_vs_vissel_kobe,2024-04-20,shonan_bellmare,vissel_kobe,湘南比马,神户胜利船
2024,30,j1_2024_albirex_niigata_vs_shonan_bellmare,2024-09-14,albirex_niigata,shonan_bellmare,新潟天鹅,湘南比马
2024,30,j1_2024_avispa_fukuoka_vs_machida_zelvia,2024-09-14,avispa_fukuoka,machida_zelvia,福冈黄蜂,町田泽维亚
2024,30,j1_2024_consadole_sapporo_vs_tokyo_verdy,2024-09-14,consadole_sapporo,tokyo_verdy,札幌冈萨多,东京绿茵
2024,30,j1_2024_fc_tokyo_vs_nagoya_grampus,2024-09-14,fc_tokyo,nagoya_grampus,东京FC,名古屋鲸八
2024,30,j1_2024_gamba_osaka_vs_urawa_red_diamonds,2024-09-14,gamba_osaka,urawa_red_diamonds,大阪钢巴,浦和红钻
2024,30,j1_2024_kashima_antlers_vs_sanfrecce_hiroshima,2024-09-14,kashima_antlers,sanfrecce_hiroshima,鹿岛鹿角,广岛三箭
2024,30,j1_2024_kashiwa_reysol_vs_jubilo_iwata,2024-09-14,kashiwa_reysol,jubilo_iwata,柏太阳神,磐田喜悦
2024,29,j1_2024_nagoya_grampus_vs_albirex_niigata,2024-09-18,nagoya_grampus,albirex_niigata,名古屋鲸八,新潟天鹅
2024,31,j1_2024_jubilo_iwata_vs_avispa_fukuoka,2024-09-21,jubilo_iwata,avispa_fukuoka,磐田喜悦,福冈黄蜂
2024,31,j1_2024_kashima_antlers_vs_kashiwa_reysol,2024-09-21,kashima_antlers,kashiwa_reysol,鹿岛鹿角,柏太阳神
2024,31,j1_2024_machida_zelvia_vs_consadole_sapporo,2024-09-21,machida_zelvia,consadole_sapporo,町田泽维亚,札幌冈萨多
2024,31,j1_2024_urawa_red_diamonds_vs_fc_tokyo,2024-09-21,urawa_red_diamonds,fc_tokyo,浦和红钻,东京FC
2024,31,j1_2024_albirex_niigata_vs_vissel_kobe,2024-09-22,albirex_niigata,vissel_kobe,新潟天鹅,神户胜利船
2024,31,j1_2024_kyoto_sanga_vs_gamba_osaka,2024-09-22,kyoto_sanga,gamba_osaka,京都不死鸟,大阪钢巴
2024,31,j1_2024_nagoya_grampus_vs_kawasaki_frontale,2024-09-22,nagoya_grampus,kawasaki_frontale,名古屋鲸八,川崎前锋
2024,31,j1_2024_sanfrecce_hiroshima_vs_yokohama_f_marinos,2024-09-22,sanfrecce_hiroshima,yokohama_f_marinos,广岛三箭,横滨水手
2024,31,j1_2024_shonan_bellmare_vs_cerezo_osaka,2024-09-22,shonan_bellmare,cerezo_osaka,湘南比马,大阪樱花
2024,31,j1_2024_tokyo_verdy_vs_sagan_tosu,2024-09-22,tokyo_verdy,sagan_tosu,东京绿茵,鸟栖沙岩
2024,32,j1_2024_kawasaki_frontale_vs_albirex_niigata,2024-09-27,kawasaki_frontale,albirex_niigata,川崎前锋,新潟天鹅
2024,32,j1_2024_cerezo_osaka_vs_kashiwa_reysol,2024-09-28,cerezo_osaka,kashiwa_reysol,大阪樱花,柏太阳神
2024,32,j1_2024_consadole_sapporo_vs_kyoto_sanga,2024-09-28,consadole_sapporo,kyoto_sanga,札幌冈萨多,京都不死鸟
2024,32,j1_2024_gamba_osaka_vs_tokyo_verdy,2024-09-28,gamba_osaka,tokyo_verdy,大阪钢巴,东京绿茵
2024,32,j1_2024_nagoya_grampus_vs_jubilo_iwata,2024-09-28,nagoya_grampus,jubilo_iwata,名古屋鲸八,磐田喜悦
2024,32,j1_2024_sagan_tosu_vs_avispa_fukuoka,2024-09-28,sagan_tosu,avispa_fukuoka,鸟栖沙岩,福冈黄蜂
2024,32,j1_2024_sanfrecce_hiroshima_vs_machida_zelvia,2024-09-28,sanfrecce_hiroshima,machida_zelvia,广岛三箭,町田泽维亚
2024,32,j1_2024_shonan_bellmare_vs_kashima_antlers,2024-09-28,shonan_bellmare,kashima_antlers,湘南比马,鹿岛鹿角
2024,32,j1_2024_vissel_kobe_vs_urawa_red_diamonds,2024-09-28,vissel_kobe,urawa_red_diamonds,神户胜利船,浦和红钻
2024,32,j1_2024_yokohama_f_marinos_vs_fc_tokyo,2024-09-28,yokohama_f_marinos,fc_tokyo,横滨水手,东京FC
2024,29,j1_2024_cerezo_osaka_vs_gamba_osaka,2024-10-02,cerezo_osaka,gamba_osaka,大阪樱花,大阪钢巴
2024,33,j1_2024_avispa_fukuoka_vs_nagoya_grampus,2024-10-04,avispa_fukuoka,nagoya_grampus,福冈黄蜂,名古屋鲸八
2024,33,j1_2024_albirex_niigata_vs_kashima_antlers,2024-10-05,albirex_niigata,kashima_antlers,新潟天鹅,鹿岛鹿角
2024,33,j1_2024_fc_tokyo_vs_sagan_tosu,2024-10-05,fc_tokyo,sagan_tosu,东京FC,鸟栖沙岩
2024,33,j1_2024_gamba_osaka_vs_consadole_sapporo,2024-10-05,gamba_osaka,consadole_sapporo,大阪钢巴,札幌冈萨多
2024,33,j1_2024_kashiwa_reysol_vs_yokohama_f_marinos,2024-10-05,kashiwa_reysol,yokohama_f_marinos,柏太阳神,横滨水手
2024,33,j1_2024_machida_zelvia_vs_kawasaki_frontale,2024-10-05,machida_zelvia,kawasaki_frontale,町田泽维亚,川崎前锋
2024,33,j1_2024_urawa_red_diamonds_vs_cerezo_osaka,2024-10-05,urawa_red_diamonds,cerezo_osaka,浦和红钻,大阪樱花
2024,33,j1_2024_jubilo_iwata_vs_sanfrecce_hiroshima,2024-10-06,jubilo_iwata,sanfrecce_hiroshima,磐田喜悦,广岛三箭
2024,33,j1_2024_kyoto_sanga_vs_vissel_kobe,2024-10-06,kyoto_sanga,vissel_kobe,京都不死鸟,神户胜利船
2024,33,j1_2024_tokyo_verdy_vs_shonan_bellmare,2024-10-06,tokyo_verdy,shonan_bellmare,东京绿茵,湘南比马
2024,34,j1_2024_kawasaki_frontale_vs_gamba_osaka,2024-10-18,kawasaki_frontale,gamba_osaka,川崎前锋,大阪钢巴
2024,34,j1_2024_vissel_kobe_vs_fc_tokyo,2024-10-18,vissel_kobe,fc_tokyo,神户胜利船,东京FC
2024,34,j1_2024_yokohama_f_marinos_vs_albirex_niigata,2024-10-18,yokohama_f_marinos,albirex_niigata,横滨水手,新潟天鹅
2024,34,j1_2024_cerezo_osaka_vs_jubilo_iwata,2024-10-19,cerezo_osaka,jubilo_iwata,大阪樱花,磐田喜悦
2024,34,j1_2024_kashima_antlers_vs_avispa_fukuoka,2024-10-19,kashima_antlers,avispa_fukuoka,鹿岛鹿角,福冈黄蜂
2024,34,j1_2024_kashiwa_reysol_vs_machida_zelvia,2024-10-19,kashiwa_reysol,machida_zelvia,柏太阳神,町田泽维亚
2024,34,j1_2024_kyoto_sanga_vs_sagan_tosu,2024-10-19,kyoto_sanga,sagan_tosu,京都不死鸟,鸟栖沙岩
2024,34,j1_2024_nagoya_grampus_vs_consadole_sapporo,2024-10-19,nagoya_grampus,consadole_sapporo,名古屋鲸八,札幌冈萨多
2024,34,j1_2024_shonan_bellmare_vs_sanfrecce_hiroshima,2024-10-19,shonan_bellmare,sanfrecce_hiroshima,湘南比马,广岛三箭
2024,34,j1_2024_tokyo_verdy_vs_urawa_red_diamonds,2024-10-19,tokyo_verdy,urawa_red_diamonds,东京绿茵,浦和红钻
2024,35,j1_2024_albirex_niigata_vs_tokyo_verdy,2024-10-23,albirex_niigata,tokyo_verdy,新潟天鹅,东京绿茵
2024,35,j1_2024_gamba_osaka_vs_nagoya_grampus,2024-10-23,gamba_osaka,nagoya_grampus,大阪钢巴,名古屋鲸八
2024,25,j1_2024_urawa_red_diamonds_vs_kashiwa_reysol,2024-10-23,urawa_red_diamonds,kashiwa_reysol,浦和红钻,柏太阳神
2024,35,j1_2024_yokohama_f_marinos_vs_urawa_red_diamonds,2024-10-30,yokohama_f_marinos,urawa_red_diamonds,横滨水手,浦和红钻
2024,35,j1_2024_kawasaki_frontale_vs_kashima_antlers,2024-11-01,kawasaki_frontale,kashima_antlers,川崎前锋,鹿岛鹿角
2024,35,j1_2024_vissel_kobe_vs_jubilo_iwata,2024-11-01,vissel_kobe,jubilo_iwata,神户胜利船,磐田喜悦
2024,35,j1_2024_avispa_fukuoka_vs_kashiwa_reysol,2024-11-03,avispa_fukuoka,kashiwa_reysol,福冈黄蜂,柏太阳神
2024,35,j1_2024_consadole_sapporo_vs_cerezo_osaka,2024-11-03,consadole_sapporo,cerezo_osaka,札幌冈萨多,大阪樱花
2024,35,j1_2024_fc_tokyo_vs_shonan_bellmare,2024-11-03,fc_tokyo,shonan_bellmare,东京FC,湘南比马
2024,35,j1_2024_sagan_tosu_vs_machida_zelvia,2024-11-03,sagan_tosu,machida_zelvia,鸟栖沙岩,町田泽维亚
2024,35,j1_2024_sanfrecce_hiroshima_vs_kyoto_sanga,2024-11-03,sanfrecce_hiroshima,kyoto_sanga,广岛三箭,京都不死鸟
2024,36,j1_2024_cerezo_osaka_vs_avispa_fukuoka,2024-11-09,cerezo_osaka,avispa_fukuoka,大阪樱花,福冈黄蜂
2024,36,j1_2024_jubilo_iwata_vs_gamba_osaka,2024-11-09,jubilo_iwata,gamba_osaka,磐田喜悦,大阪钢巴
2024,36,j1_2024_kashima_antlers_vs_nagoya_grampus,2024-11-09,kashima_antlers,nagoya_grampus,鹿岛鹿角,名古屋鲸八
2024,36,j1_2024_kashiwa_reysol_vs_albirex_niigata,2024-11-09,kashiwa_reysol,albirex_niigata,柏太阳神,新潟天鹅
2024,36,j1_2024_kyoto_sanga_vs_kawasaki_frontale,2024-11-09,kyoto_sanga,kawasaki_frontale,京都不死鸟,川崎前锋
2024,36,j1_2024_machida_zelvia_vs_fc_tokyo,2024-11-09,machida_zelvia,fc_tokyo,町田泽维亚,东京FC
2024,36,j1_2024_sagan_tosu_vs_yokohama_f_marinos,2024-11-09,sagan_tosu,yokohama_f_marinos,鸟栖沙岩,横滨水手
2024,36,j1_2024_shonan_bellmare_vs_consadole_sapporo,2024-11-09,shonan_bellmare,consadole_sapporo,湘南比马,札幌冈萨多
2024,36,j1_2024_tokyo_verdy_vs_vissel_kobe,2024-11-10,tokyo_verdy,vissel_kobe,东京绿茵,神户胜利船
2024,36,j1_2024_urawa_red_diamonds_vs_sanfrecce_hiroshima,2024-11-10,urawa_red_diamonds,sanfrecce_hiroshima,浦和红钻,广岛三箭
2024,29,j1_2024_jubilo_iwata_vs_yokohama_f_marinos,2024-11-16,jubilo_iwata,yokohama_f_marinos,磐田喜悦,横滨水手
2024,29,j1_2024_kyoto_sanga_vs_kashima_antlers,2024-11-17,kyoto_sanga,kashima_antlers,京都不死鸟,鹿岛鹿角
2024,28,j1_2024_urawa_red_diamonds_vs_kawasaki_frontale,2024-11-22,urawa_red_diamonds,kawasaki_frontale,浦和红钻,川崎前锋
2024,37,j1_2024_albirex_niigata_vs_gamba_osaka,2024-11-30,albirex_niigata,gamba_osaka,新潟天鹅,大阪钢巴
2024,37,j1_2024_avispa_fukuoka_vs_urawa_red_diamonds,2024-11-30,avispa_fukuoka,urawa_red_diamonds,福冈黄蜂,浦和红钻
2024,37,j1_2024_cerezo_osaka_vs_kashima_antlers,2024-11-30,cerezo_osaka,kashima_antlers,大阪樱花,鹿岛鹿角
2024,37,j1_2024_jubilo_iwata_vs_fc_tokyo,2024-11-30,jubilo_iwata,fc_tokyo,磐田喜悦,东京FC
2024,37,j1_2024_kashiwa_reysol_vs_vissel_kobe,2024-11-30,kashiwa_reysol,vissel_kobe,柏太阳神,神户胜利船
2024,37,j1_2024_machida_zelvia_vs_kyoto_sanga,2024-11-30,machida_zelvia,kyoto_sanga,町田泽维亚,京都不死鸟
2024,37,j1_2024_nagoya_grampus_vs_sagan_tosu,2024-11-30,nagoya_grampus,sagan_tosu,名古屋鲸八,鸟栖沙岩
2024,37,j1_2024_shonan_bellmare_vs_yokohama_f_marinos,2024-11-30,shonan_bellmare,yokohama_f_marinos,湘南比马,横滨水手
2024,37,j1_2024_tokyo_verdy_vs_kawasaki_frontale,2024-11-30,tokyo_verdy,kawasaki_frontale,东京绿茵,川崎前锋
2024,37,j1_2024_sanfrecce_hiroshima_vs_consadole_sapporo,2024-12-01,sanfrecce_hiroshima,consadole_sapporo,广岛三箭,札幌冈萨多
2024,38,j1_2024_consadole_sapporo_vs_kashiwa_reysol,2024-12-08,consadole_sapporo,kashiwa_reysol,札幌冈萨多,柏太阳神
2024,38,j1_2024_fc_tokyo_vs_cerezo_osaka,2024-12-08,fc_tokyo,cerezo_osaka,东京FC,大阪樱花
2024,38,j1_2024_gamba_osaka_vs_sanfrecce_hiroshima,2024-12-08,gamba_osaka,sanfrecce_hiroshima,大阪钢巴,广岛三箭
2024,38,j1_2024_kashima_antlers_vs_machida_zelvia,2024-12-08,kashima_antlers,machida_zelvia,鹿岛鹿角,町田泽维亚
2024,38,j1_2024_kawasaki_frontale_vs_avispa_fukuoka,2024-12-08,kawasaki_frontale,avispa_fukuoka,川崎前锋,福冈黄蜂
2024,38,j1_2024_kyoto_sanga_vs_tokyo_verdy,2024-12-08,kyoto_sanga,tokyo_verdy,京都不死鸟,东京绿茵
2024,38,j1_2024_sagan_tosu_vs_jubilo_iwata,2024-12-08,sagan_tosu,jubilo_iwata,鸟栖沙岩,磐田喜悦
2024,38,j1_2024_urawa_red_diamonds_vs_albirex_niigata,2024-12-08,urawa_red_diamonds,albirex_niigata,浦和红钻,新潟天鹅
2024,38,j1_2024_vissel_kobe_vs_shonan_bellmare,2024-12-08,vissel_kobe,shonan_bellmare,神户胜利船,湘南比马
2024,38,j1_2024_yokohama_f_marinos_vs_nagoya_grampus,2024-12-08,yokohama_f_marinos,nagoya_grampus,横滨水手,名古屋鲸八
2025,1,j1_2025_gamba_osaka_vs_cerezo_osaka,2025-02-14,gamba_osaka,cerezo_osaka,大阪钢巴,大阪樱花
2025,1,j1_2025_avispa_fukuoka_vs_kashiwa_reysol,2025-02-15,avispa_fukuoka,kashiwa_reysol,福冈黄蜂,柏太阳神
2025,1,j1_2025_fagiano_okayama_vs_kyoto_sanga,2025-02-15,fagiano_okayama,kyoto_sanga,冈山绿雉,京都不死鸟
2025,1,j1_2025_kawasaki_frontale_vs_nagoya_grampus,2025-02-15,kawasaki_frontale,nagoya_grampus,川崎前锋,名古屋鲸八
2025,1,j1_2025_shonan_bellmare_vs_kashima_antlers,2025-02-15,shonan_bellmare,kashima_antlers,湘南比马,鹿岛鹿角
2025,1,j1_2025_vissel_kobe_vs_urawa_red_diamonds,2025-02-15,vissel_kobe,urawa_red_diamonds,神户胜利船,浦和红钻
2025,1,j1_2025_yokohama_f_marinos_vs_albirex_niigata,2025-02-15,yokohama_f_marinos,albirex_niigata,横滨水手,新潟天鹅
2025,1,j1_2025_yokohama_fc_vs_fc_tokyo,2025-02-15,yokohama_fc,fc_tokyo,横滨FC,东京FC
2025,1,j1_2025_machida_zelvia_vs_sanfrecce_hiroshima,2025-02-16,machida_zelvia,sanfrecce_hiroshima,町田泽维亚,广岛三箭
2025,1,j1_2025_tokyo_verdy_vs_shimizu_s_pulse,2025-02-16,tokyo_verdy,shimizu_s_pulse,东京绿茵,清水心跳
2025,28,j1_2025_kyoto_sanga_vs_fagiano_okayama,2025-08-30,kyoto_sanga,fagiano_okayama,京都不死鸟,冈山绿雉
2025,28,j1_2025_vissel_kobe_vs_yokohama_f_marinos,2025-08-30,vissel_kobe,yokohama_f_marinos,神户胜利船,横滨水手
2025,28,j1_2025_yokohama_fc_vs_tokyo_verdy,2025-08-30,yokohama_fc,tokyo_verdy,横滨FC,东京绿茵
2025,28,j1_2025_cerezo_osaka_vs_sanfrecce_hiroshima,2025-08-31,cerezo_osaka,sanfrecce_hiroshima,大阪樱花,广岛三箭
2025,28,j1_2025_kashiwa_reysol_vs_avispa_fukuoka,2025-08-31,kashiwa_reysol,avispa_fukuoka,柏太阳神,福冈黄蜂
2025,28,j1_2025_kawasaki_frontale_vs_machida_zelvia,2025-08-31,kawasaki_frontale,machida_zelvia,川崎前锋,町田泽维亚
2025,28,j1_2025_nagoya_grampus_vs_fc_tokyo,2025-08-31,nagoya_grampus,fc_tokyo,名古屋鲸八,东京FC
2025,28,j1_2025_shimizu_s_pulse_vs_kashima_antlers,2025-08-31,shimizu_s_pulse,kashima_antlers,清水心跳,鹿岛鹿角
2025,28,j1_2025_shonan_bellmare_vs_gamba_osaka,2025-08-31,shonan_bellmare,gamba_osaka,湘南比马,大阪钢巴
2025,28,j1_2025_urawa_red_diamonds_vs_albirex_niigata,2025-08-31,urawa_red_diamonds,albirex_niigata,浦和红钻,新潟天鹅
2025,29,j1_2025_machida_zelvia_vs_yokohama_fc,2025-09-12,machida_zelvia,yokohama_fc,町田泽维亚,横滨FC
2025,29,j1_2025_sanfrecce_hiroshima_vs_kyoto_sanga,2025-09-12,sanfrecce_hiroshima,kyoto_sanga,广岛三箭,京都不死鸟
2025,29,j1_2025_vissel_kobe_vs_kashiwa_reysol,2025-09-12,vissel_kobe,kashiwa_reysol,神户胜利船,柏太阳神
2025,29,j1_2025_albirex_niigata_vs_shimizu_s_pulse,2025-09-13,albirex_niigata,shimizu_s_pulse,新潟天鹅,清水心跳
2025,29,j1_2025_avispa_fukuoka_vs_cerezo_osaka,2025-09-13,avispa_fukuoka,cerezo_osaka,福冈黄蜂,大阪樱花
2025,29,j1_2025_fagiano_okayama_vs_nagoya_grampus,2025-09-13,fagiano_okayama,nagoya_grampus,冈山绿雉,名古屋鲸八
2025,29,j1_2025_gamba_osaka_vs_urawa_red_diamonds,2025-09-13,gamba_osaka,urawa_red_diamonds,大阪钢巴,浦和红钻
2025,29,j1_2025_kashima_antlers_vs_shonan_bellmare,2025-09-13,kashima_antlers,shonan_bellmare,鹿岛鹿角,湘南比马
2025,29,j1_2025_yokohama_f_marinos_vs_kawasaki_frontale,2025-09-13,yokohama_f_marinos,kawasaki_frontale,横滨水手,川崎前锋
2025,29,j1_2025_fc_tokyo_vs_tokyo_verdy,2025-09-15,fc_tokyo,tokyo_verdy,东京FC,东京绿茵
2025,30,j1_2025_cerezo_osaka_vs_kashiwa_reysol,2025-09-20,cerezo_osaka,kashiwa_reysol,大阪樱花,柏太阳神
2025,30,j1_2025_kawasaki_frontale_vs_fc_tokyo,2025-09-20,kawasaki_frontale,fc_tokyo,川崎前锋,东京FC
2025,30,j1_2025_kyoto_sanga_vs_shimizu_s_pulse,2025-09-20,kyoto_sanga,shimizu_s_pulse,京都不死鸟,清水心跳
2025,30,j1_2025_nagoya_grampus_vs_shonan_bellmare,2025-09-20,nagoya_grampus,shonan_bellmare,名古屋鲸八,湘南比马
2025,30,j1_2025_tokyo_verdy_vs_fagiano_okayama,2025-09-20,tokyo_verdy,fagiano_okayama,东京绿茵,冈山绿雉
2025,30,j1_2025_urawa_red_diamonds_vs_kashima_antlers,2025-09-20,urawa_red_diamonds,kashima_antlers,浦和红钻,鹿岛鹿角
2025,30,j1_2025_yokohama_f_marinos_vs_avispa_fukuoka,2025-09-20,yokohama_f_marinos,avispa_fukuoka,横滨水手,福冈黄蜂
2025,30,j1_2025_yokohama_fc_vs_albirex_niigata,2025-09-20,yokohama_fc,albirex_niigata,横滨FC,新潟天鹅
2025,31,j1_2025_albirex_niigata_vs_nagoya_grampus,2025-09-23,albirex_niigata,nagoya_grampus,新潟天鹅,名古屋鲸八
2025,31,j1_2025_fagiano_okayama_vs_yokohama_fc,2025-09-23,fagiano_okayama,yokohama_fc,冈山绿雉,横滨FC
2025,31,j1_2025_fc_tokyo_vs_avispa_fukuoka,2025-09-23,fc_tokyo,avispa_fukuoka,东京FC,福冈黄蜂
2025,31,j1_2025_gamba_osaka_vs_yokohama_f_marinos,2025-09-23,gamba_osaka,yokohama_f_marinos,大阪钢巴,横滨水手
2025,31,j1_2025_kashima_antlers_vs_cerezo_osaka,2025-09-23,kashima_antlers,cerezo_osaka,鹿岛鹿角,大阪樱花
2025,31,j1_2025_kashiwa_reysol_vs_sanfrecce_hiroshima,2025-09-23,kashiwa_reysol,sanfrecce_hiroshima,柏太阳神,广岛三箭
2025,31,j1_2025_kyoto_sanga_vs_machida_zelvia,2025-09-23,kyoto_sanga,machida_zelvia,京都不死鸟,町田泽维亚
2025,31,j1_2025_shimizu_s_pulse_vs_urawa_red_diamonds,2025-09-23,shimizu_s_pulse,urawa_red_diamonds,清水心跳,浦和红钻
2025,31,j1_2025_shonan_bellmare_vs_kawasaki_frontale,2025-09-23,shonan_bellmare,kawasaki_frontale,湘南比马,川崎前锋
2025,31,j1_2025_vissel_kobe_vs_tokyo_verdy,2025-09-23,vissel_kobe,tokyo_verdy,神户胜利船,东京绿茵
2025,32,j1_2025_avispa_fukuoka_vs_sanfrecce_hiroshima,2025-09-27,avispa_fukuoka,sanfrecce_hiroshima,福冈黄蜂,广岛三箭
2025,32,j1_2025_gamba_osaka_vs_albirex_niigata,2025-09-27,gamba_osaka,albirex_niigata,大阪钢巴,新潟天鹅
2025,32,j1_2025_machida_zelvia_vs_fagiano_okayama,2025-09-27,machida_zelvia,fagiano_okayama,町田泽维亚,冈山绿雉
2025,32,j1_2025_nagoya_grampus_vs_kashima_antlers,2025-09-27,nagoya_grampus,kashima_antlers,名古屋鲸八,鹿岛鹿角
2025,32,j1_2025_tokyo_verdy_vs_urawa_red_diamonds,2025-09-27,tokyo_verdy,urawa_red_diamonds,东京绿茵,浦和红钻
2025,32,j1_2025_vissel_kobe_vs_shimizu_s_pulse,2025-09-27,vissel_kobe,shimizu_s_pulse,神户胜利船,清水心跳
2025,32,j1_2025_cerezo_osaka_vs_kyoto_sanga,2025-09-28,cerezo_osaka,kyoto_sanga,大阪樱花,京都不死鸟
2025,32,j1_2025_fc_tokyo_vs_yokohama_f_marinos,2025-09-28,fc_tokyo,yokohama_f_marinos,东京FC,横滨水手
2025,32,j1_2025_kawasaki_frontale_vs_kashiwa_reysol,2025-09-28,kawasaki_frontale,kashiwa_reysol,川崎前锋,柏太阳神
2025,32,j1_2025_yokohama_fc_vs_shonan_bellmare,2025-09-28,yokohama_fc,shonan_bellmare,横滨FC,湘南比马
2025,33,j1_2025_shonan_bellmare_vs_tokyo_verdy,2025-10-03,shonan_bellmare,tokyo_verdy,湘南比马,东京绿茵
2025,33,j1_2025_albirex_niigata_vs_fagiano_okayama,2025-10-04,albirex_niigata,fagiano_okayama,新潟天鹅,冈山绿雉
2025,33,j1_2025_avispa_fukuoka_vs_yokohama_fc,2025-10-04,avispa_fukuoka,yokohama_fc,福冈黄蜂,横滨FC
2025,33,j1_2025_kashiwa_reysol_vs_yokohama_f_marinos,2025-10-04,kashiwa_reysol,yokohama_f_marinos,柏太阳神,横滨水手
2025,33,j1_2025_kyoto_sanga_vs_kawasaki_frontale,2025-10-04,kyoto_sanga,kawasaki_frontale,京都不死鸟,川崎前锋
2025,33,j1_2025_nagoya_grampus_vs_cerezo_osaka,2025-10-04,nagoya_grampus,cerezo_osaka,名古屋鲸八,大阪樱花
2025,33,j1_2025_sanfrecce_hiroshima_vs_machida_zelvia,2025-10-04,sanfrecce_hiroshima,machida_zelvia,广岛三箭,町田泽维亚
2025,33,j1_2025_shimizu_s_pulse_vs_fc_tokyo,2025-10-04,shimizu_s_pulse,fc_tokyo,清水心跳,东京FC
2025,33,j1_2025_urawa_red_diamonds_vs_vissel_kobe,2025-10-04,urawa_red_diamonds,vissel_kobe,浦和红钻,神户胜利船
2025,33,j1_2025_kashima_antlers_vs_gamba_osaka,2025-10-05,kashima_antlers,gamba_osaka,鹿岛鹿角,大阪钢巴
2025,34,j1_2025_sanfrecce_hiroshima_vs_fc_tokyo,2025-10-17,sanfrecce_hiroshima,fc_tokyo,广岛三箭,东京FC
2025,34,j1_2025_vissel_kobe_vs_kashima_antlers,2025-10-17,vissel_kobe,kashima_antlers,神户胜利船,鹿岛鹿角
2025,34,j1_2025_fagiano_okayama_vs_cerezo_osaka,2025-10-18,fagiano_okayama,cerezo_osaka,冈山绿雉,大阪樱花
2025,34,j1_2025_gamba_osaka_vs_kashiwa_reysol,2025-10-18,gamba_osaka,kashiwa_reysol,大阪钢巴,柏太阳神
2025,34,j1_2025_kawasaki_frontale_vs_shimizu_s_pulse,2025-10-18,kawasaki_frontale,shimizu_s_pulse,川崎前锋,清水心跳
2025,34,j1_2025_machida_zelvia_vs_avispa_fukuoka,2025-10-18,machida_zelvia,avispa_fukuoka,町田泽维亚,福冈黄蜂
2025,34,j1_2025_tokyo_verdy_vs_albirex_niigata,2025-10-18,tokyo_verdy,albirex_niigata,东京绿茵,新潟天鹅
2025,34,j1_2025_yokohama_f_marinos_vs_urawa_red_diamonds,2025-10-18,yokohama_f_marinos,urawa_red_diamonds,横滨水手,浦和红钻
2025,34,j1_2025_yokohama_fc_vs_nagoya_grampus,2025-10-18,yokohama_fc,nagoya_grampus,横滨FC,名古屋鲸八
2025,34,j1_2025_shonan_bellmare_vs_kyoto_sanga,2025-10-19,shonan_bellmare,kyoto_sanga,湘南比马,京都不死鸟
2025,35,j1_2025_cerezo_osaka_vs_kawasaki_frontale,2025-10-25,cerezo_osaka,kawasaki_frontale,大阪樱花,川崎前锋
2025,35,j1_2025_fc_tokyo_vs_fagiano_okayama,2025-10-25,fc_tokyo,fagiano_okayama,东京FC,冈山绿雉
2025,35,j1_2025_kashiwa_reysol_vs_yokohama_fc,2025-10-25,kashiwa_reysol,yokohama_fc,柏太阳神,横滨FC
2025,35,j1_2025_kyoto_sanga_vs_kashima_antlers,2025-10-25,kyoto_sanga,kashima_antlers,京都不死鸟,鹿岛鹿角
2025,35,j1_2025_nagoya_grampus_vs_gamba_osaka,2025-10-25,nagoya_grampus,gamba_osaka,名古屋鲸八,大阪钢巴
2025,35,j1_2025_shimizu_s_pulse_vs_tokyo_verdy,2025-10-25,shimizu_s_pulse,tokyo_verdy,清水心跳,东京绿茵
2025,35,j1_2025_urawa_red_diamonds_vs_machida_zelvia,2025-10-25,urawa_red_diamonds,machida_zelvia,浦和红钻,町田泽维亚
2025,35,j1_2025_yokohama_f_marinos_vs_sanfrecce_hiroshima,2025-10-25,yokohama_f_marinos,sanfrecce_hiroshima,横滨水手,广岛三箭
2025,35,j1_2025_albirex_niigata_vs_vissel_kobe,2025-10-26,albirex_niigata,vissel_kobe,新潟天鹅,神户胜利船
2025,35,j1_2025_avispa_fukuoka_vs_shonan_bellmare,2025-10-26,avispa_fukuoka,shonan_bellmare,福冈黄蜂,湘南比马
2025,36,j1_2025_kashima_antlers_vs_yokohama_fc,2025-11-08,kashima_antlers,yokohama_fc,鹿岛鹿角,横滨FC
2025,36,j1_2025_kashiwa_reysol_vs_nagoya_grampus,2025-11-08,kashiwa_reysol,nagoya_grampus,柏太阳神,名古屋鲸八
2025,36,j1_2025_kawasaki_frontale_vs_fagiano_okayama,2025-11-08,kawasaki_frontale,fagiano_okayama,川崎前锋,冈山绿雉
2025,36,j1_2025_sanfrecce_hiroshima_vs_urawa_red_diamonds,2025-11-08,sanfrecce_hiroshima,urawa_red_diamonds,广岛三箭,浦和红钻
2025,36,j1_2025_shonan_bellmare_vs_albirex_niigata,2025-11-08,shonan_bellmare,albirex_niigata,湘南比马,新潟天鹅
2025,36,j1_2025_tokyo_verdy_vs_avispa_fukuoka,2025-11-08,tokyo_verdy,avispa_fukuoka,东京绿茵,福冈黄蜂
2025,36,j1_2025_gamba_osaka_vs_vissel_kobe,2025-11-09,gamba_osaka,vissel_kobe,大阪钢巴,神户胜利船
2025,36,j1_2025_kyoto_sanga_vs_yokohama_f_marinos,2025-11-09,kyoto_sanga,yokohama_f_marinos,京都不死鸟,横滨水手
2025,36,j1_2025_machida_zelvia_vs_fc_tokyo,2025-11-09,machida_zelvia,fc_tokyo,町田泽维亚,东京FC
2025,36,j1_2025_shimizu_s_pulse_vs_cerezo_osaka,2025-11-09,shimizu_s_pulse,cerezo_osaka,清水心跳,大阪樱花
2025,37,j1_2025_albirex_niigata_vs_kashiwa_reysol,2025-11-30,albirex_niigata,kashiwa_reysol,新潟天鹅,柏太阳神
2025,37,j1_2025_avispa_fukuoka_vs_gamba_osaka,2025-11-30,avispa_fukuoka,gamba_osaka,福冈黄蜂,大阪钢巴
2025,37,j1_2025_fagiano_okayama_vs_urawa_red_diamonds,2025-11-30,fagiano_okayama,urawa_red_diamonds,冈山绿雉,浦和红钻
2025,37,j1_2025_kawasaki_frontale_vs_sanfrecce_hiroshima,2025-11-30,kawasaki_frontale,sanfrecce_hiroshima,川崎前锋,广岛三箭
2025,37,j1_2025_machida_zelvia_vs_nagoya_grampus,2025-11-30,machida_zelvia,nagoya_grampus,町田泽维亚,名古屋鲸八
2025,37,j1_2025_shonan_bellmare_vs_shimizu_s_pulse,2025-11-30,shonan_bellmare,shimizu_s_pulse,湘南比马,清水心跳
2025,37,j1_2025_tokyo_verdy_vs_kashima_antlers,2025-11-30,tokyo_verdy,kashima_antlers,东京绿茵,鹿岛鹿角
2025,37,j1_2025_vissel_kobe_vs_fc_tokyo,2025-11-30,vissel_kobe,fc_tokyo,神户胜利船,东京FC
2025,37,j1_2025_yokohama_f_marinos_vs_cerezo_osaka,2025-11-30,yokohama_f_marinos,cerezo_osaka,横滨水手,大阪樱花
2025,37,j1_2025_yokohama_fc_vs_kyoto_sanga,2025-11-30,yokohama_fc,kyoto_sanga,横滨FC,京都不死鸟
2025,38,j1_2025_cerezo_osaka_vs_yokohama_fc,2025-12-06,cerezo_osaka,yokohama_fc,大阪樱花,横滨FC
2025,38,j1_2025_fc_tokyo_vs_albirex_niigata,2025-12-06,fc_tokyo,albirex_niigata,东京FC,新潟天鹅
2025,38,j1_2025_gamba_osaka_vs_tokyo_verdy,2025-12-06,gamba_osaka,tokyo_verdy,大阪钢巴,东京绿茵
2025,38,j1_2025_kashima_antlers_vs_yokohama_f_marinos,2025-12-06,kashima_antlers,yokohama_f_marinos,鹿岛鹿角,横滨水手
2025,38,j1_2025_kashiwa_reysol_vs_machida_zelvia,2025-12-06,kashiwa_reysol,machida_zelvia,柏太阳神,町田泽维亚
2025,38,j1_2025_kyoto_sanga_vs_vissel_kobe,2025-12-06,kyoto_sanga,vissel_kobe,京都不死鸟,神户胜利船
2025,38,j1_2025_nagoya_grampus_vs_avispa_fukuoka,2025-12-06,nagoya_grampus,avispa_fukuoka,名古屋鲸八,福冈黄蜂
2025,38,j1_2025_sanfrecce_hiroshima_vs_shonan_bellmare,2025-12-06,sanfrecce_hiroshima,shonan_bellmare,广岛三箭,湘南比马
2025,38,j1_2025_shimizu_s_pulse_vs_fagiano_okayama,2025-12-06,shimizu_s_pulse,fagiano_okayama,清水心跳,冈山绿雉
2025,38,j1_2025_urawa_red_diamonds_vs_kawasaki_frontale,2025-12-06,urawa_red_diamonds,kawasaki_frontale,浦和红钻,川崎前锋
