date,home_team,away_team,bookmaker,init_1,init_x,init_2,current_1,current_x,current_2,odds_page_url,retrieved_at_utc,semantics_note
2020-07-18,FC东京,浦和红钻,William Hill,2.15,3.4,3.3,2.25,3.4,3.1,https://live.nowscore.com/1x2/1872356.htm,2026-10-02T10:33:55Z,捷报网1x2初指/即时快照，非逐tick，非true opening
2020-07-18,FC东京,浦和红钻,bet365,2.1,3.4,3.4,2.2,3.4,3.2,https://live.nowscore.com/1x2/1872356.htm,2026-10-02T10:33:55Z,捷报网1x2初指/即时快照，非逐tick，非true opening
2020-07-18,FC东京,浦和红钻,Pinnacle,2.17,3.5,3.42,2.3,3.55,3.1,https://live.nowscore.com/1x2/1872356.htm,2026-10-02T10:33:55Z,捷报网1x2初指/即时快照，非逐tick，非true opening
2020-07-18,FC东京,浦和红钻,Ladbrokes,2.05,3,3.25,2.2,3,3,https://live.nowscore.com/1x2/1872356.htm,2026-10-02T10:33:55Z,捷报网1x2初指/即时快照，非逐tick，非true opening
2020-07-18,大阪钢巴,大分三神,William Hill,2,3.5,3.6,2.15,3.5,3.2,https://live.nowscore.com/1x2/1872355.htm,2026-10-02T10:33:58Z,捷报网1x2初指/即时快照，非逐tick，非true opening
2020-07-18,大阪钢巴,大分三神,bet365,1.95,3.3,4,2.2,3.25,3.3,https://live.nowscore.com/1x2/1872355.htm,2026-10-02T10:33:58Z,捷报网1x2初指/即时快照，非逐tick，非true opening
2020-07-18,大阪钢巴,大分三神,Pinnacle,2,3.69,3.73,2.23,3.54,3.24,https://live.nowscore.com/1x2/1872355.htm,2026-10-02T10:33:58Z,捷报网1x2初指/即时快照，非逐tick，非true opening
2020-07-18,大阪钢巴,大分三神,Ladbrokes,2,3.2,3.3,2.15,3.1,3,https://live.nowscore.com/1x2/1872355.htm,2026-10-02T10:33:58Z,捷报网1x2初指/即时快照，非逐tick，非true opening
2020-07-18,鹿岛鹿角,横滨水手,William Hill,2.75,3.6,2.37,3,3.8,2.15,https://live.nowscore.com/1x2/1872361.htm,2026-10-02T10:34:01Z,捷报网1x2初指/即时快照，非逐tick，非true opening
2020-07-18,鹿岛鹿角,横滨水手,bet365,2.9,3.4,2.37,3.4,3.6,2,https://live.nowscore.com/1x2/1872361.htm,2026-10-02T10:34:01Z,捷报网1x2初指/即时快照，非逐tick，非true opening
2020-07-18,鹿岛鹿角,横滨水手,Pinnacle,2.65,3.78,2.51,3.2,3.99,2.1,https://live.nowscore.com/1x2/1872361.htm,2026-10-02T10:34:01Z,捷报网1x2初指/即时快照，非逐tick，非true opening
2020-07-18,鹿岛鹿角,横滨水手,Ladbrokes,2.75,3.3,2.2,3,3.4,2,https://live.nowscore.com/1x2/1872361.htm,2026-10-02T10:34:01Z,捷报网1x2初指/即时快照，非逐tick，非true opening
2020-07-18,柏太阳神,湘南海洋,William Hill,1.83,3.8,4,2,3.5,3.6,https://live.nowscore.com/1x2/1872354.htm,2026-10-02T10:34:04Z,捷报网1x2初指/即时快照，非逐tick，非true opening
2020-07-18,柏太阳神,湘南海洋,bet365,1.83,3.5,4.33,1.95,3.5,3.75,https://live.nowscore.com/1x2/1872354.htm,2026-10-02T10:34:04Z,捷报网1x2初指/即时快照，非逐tick，非true opening
2020-07-18,柏太阳神,湘南海洋,Pinnacle,1.87,3.89,4.03,2.04,3.68,3.6,https://live.nowscore.com/1x2/1872354.htm,2026-10-02T10:34:04Z,捷报网1x2初指/即时快照，非逐tick，非true opening
2020-07-18,柏太阳神,湘南海洋,Ladbrokes,1.73,3.4,4,1.95,3.3,3.4,https://live.nowscore.com/1x2/1872354.htm,2026-10-02T10:34:04Z,捷报网1x2初指/即时快照，非逐tick，非true opening
2020-07-18,名古屋鲸八,鸟栖沙岩,William Hill,1.91,3.6,3.8,1.7,3.75,5,https://live.nowscore.com/1x2/1872359.htm,2026-10-02T10:34:06Z,捷报网1x2初指/即时快照，非逐tick，非true opening
2020-07-18,名古屋鲸八,鸟栖沙岩,bet365,1.9,3.3,4.2,1.66,3.6,5.25,https://live.nowscore.com/1x2/1872359.htm,2026-10-02T10:34:06Z,捷报网1x2初指/即时快照，非逐tick，非true opening
2020-07-18,名古屋鲸八,鸟栖沙岩,Pinnacle,2.01,3.64,3.74,1.71,3.87,5.06,https://live.nowscore.com/1x2/1872359.htm,2026-10-02T10:34:06Z,捷报网1x2初指/即时快照，非逐tick，非true opening
2020-07-18,名古屋鲸八,鸟栖沙岩,Ladbrokes,1.91,3.2,3.6,1.61,3.4,4.8,https://live.nowscore.com/1x2/1872359.htm,2026-10-02T10:34:06Z,捷报网1x2初指/即时快照，非逐tick，非true opening
2020-07-18,广岛三箭,大阪樱花,William Hill,2.4,3.2,3,2.45,3.2,3,https://live.nowscore.com/1x2/1872357.htm,2026-10-02T10:34:09Z,捷报网1x2初指/即时快照，非逐tick，非true opening
2020-07-18,广岛三箭,大阪樱花,bet365,2.37,3,3.25,2.4,3,3.2,https://live.nowscore.com/1x2/1872357.htm,2026-10-02T10:34:09Z,捷报网1x2初指/即时快照，非逐tick，非true opening
2020-07-18,广岛三箭,大阪樱花,Pinnacle,2.43,3.29,3.09,2.53,3.17,3.04,https://live.nowscore.com/1x2/1872357.htm,2026-10-02T10:34:09Z,捷报网1x2初指/即时快照，非逐tick，非true opening
2020-07-18,广岛三箭,大阪樱花,Ladbrokes,2.3,2.9,2.9,2.4,2.87,2.87,https://live.nowscore.com/1x2/1872357.htm,2026-10-02T10:34:09Z,捷报网1x2初指/即时快照，非逐tick，非true opening
2020-07-18,仙台维加泰,札幌冈萨多,William Hill,2.7,3.4,2.5,2.35,3.6,2.8,https://live.nowscore.com/1x2/1872360.htm,2026-10-02T10:34:12Z,捷报网1x2初指/即时快照，非逐tick，非true opening
2020-07-18,仙台维加泰,札幌冈萨多,bet365,2.8,3.4,2.4,2.37,3.6,2.75,https://live.nowscore.com/1x2/1872360.htm,2026-10-02T10:34:12Z,捷报网1x2初指/即时快照，非逐tick，非true opening
2020-07-18,仙台维加泰,札幌冈萨多,Pinnacle,2.56,3.62,2.68,2.65,3.72,2.54,https://live.nowscore.com/1x2/1872360.htm,2026-10-02T10:34:12Z,捷报网1x2初指/即时快照，非逐tick，非true opening
2020-07-18,仙台维加泰,札幌冈萨多,Ladbrokes,2.7,3.2,2.3,2.3,3.25,2.65,https://live.nowscore.com/1x2/1872360.htm,2026-10-02T10:34:12Z,捷报网1x2初指/即时快照，非逐tick，非true opening
2020-07-18,神户胜利船,清水鼓动,William Hill,1.65,4.2,4.6,1.52,4.5,5.5,https://live.nowscore.com/1x2/1872353.htm,2026-10-02T10:34:15Z,捷报网1x2初指/即时快照，非逐tick，非true opening
2020-07-18,神户胜利船,清水鼓动,bet365,1.6,4,5.25,1.53,4,6,https://live.nowscore.com/1x2/1872353.htm,2026-10-02T10:34:15Z,捷报网1x2初指/即时快照，非逐tick，非true opening
2020-07-18,神户胜利船,清水鼓动,Pinnacle,1.71,4.15,4.6,1.59,4.67,5.06,https://live.nowscore.com/1x2/1872353.htm,2026-10-02T10:34:15Z,捷报网1x2初指/即时快照，非逐tick，非true opening
2020-07-18,神户胜利船,清水鼓动,Ladbrokes,1.61,3.6,4.33,1.5,4,5,https://live.nowscore.com/1x2/1872353.htm,2026-10-02T10:34:15Z,捷报网1x2初指/即时快照，非逐tick，非true opening
2020-07-18,横滨FC,川崎前锋,William Hill,5,4.2,1.6,8.5,5,1.35,https://live.nowscore.com/1x2/1872358.htm,2026-10-02T10:34:18Z,捷报网1x2初指/即时快照，非逐tick，非true opening
2020-07-18,横滨FC,川崎前锋,bet365,6,3.8,1.57,8.5,4.75,1.33,https://live.nowscore.com/1x2/1872358.htm,2026-10-02T10:34:18Z,捷报网1x2初指/即时快照，非逐tick，非true opening
2020-07-18,横滨FC,川崎前锋,Pinnacle,4.71,4.15,1.7,7.7,4.94,1.41,https://live.nowscore.com/1x2/1872358.htm,2026-10-02T10:34:18Z,捷报网1x2初指/即时快照，非逐tick，非true opening
2020-07-18,横滨FC,川崎前锋,Ladbrokes,4.75,3.75,1.57,7.5,4.4,1.33,https://live.nowscore.com/1x2/1872358.htm,2026-10-02T10:34:18Z,捷报网1x2初指/即时快照，非逐tick，非true opening
2020-07-22,大阪樱花,神户胜利船,William Hill,2.15,3.6,3.2,2.3,3.4,3,https://live.nowscore.com/1x2/1872363.htm,2026-10-02T10:34:21Z,捷报网1x2初指/即时快照，非逐tick，非true opening
2020-07-22,大阪樱花,神户胜利船,bet365,2.05,3.5,3.4,2.5,3.5,2.62,https://live.nowscore.com/1x2/1872363.htm,2026-10-02T10:34:21Z,捷报网1x2初指/即时快照，非逐tick，非true opening
2020-07-22,大阪樱花,神户胜利船,Pinnacle,2.15,3.71,3.28,2.61,3.42,2.74,https://live.nowscore.com/1x2/1872363.htm,2026-10-02T10:34:21Z,捷报网1x2初指/即时快照，非逐tick，非true opening
2020-07-22,大阪樱花,神户胜利船,Ladbrokes,2.15,3.2,3,2.5,3,2.55,https://live.nowscore.com/1x2/1872363.htm,2026-10-02T10:34:21Z,捷报网1x2初指/即时快照，非逐tick，非true opening
2020-07-22,札幌冈萨多,FC东京,William Hill,2.55,3.5,2.62,2.87,3.5,2.35,https://live.nowscore.com/1x2/1872366.htm,2026-10-02T10:34:24Z,捷报网1x2初指/即时快照，非逐tick，非true opening
2020-07-22,札幌冈萨多,FC东京,bet365,2.5,3.5,2.62,2.7,3.4,2.5,https://live.nowscore.com/1x2/1872366.htm,2026-10-02T10:34:24Z,捷报网1x2初指/即时快照，非逐tick，非true opening
2020-07-22,札幌冈萨多,FC东京,Pinnacle,2.51,3.62,2.74,2.64,3.7,2.56,https://live.nowscore.com/1x2/1872366.htm,2026-10-02T10:34:24Z,捷报网1x2初指/即时快照，非逐tick，非true opening
2020-07-22,札幌冈萨多,FC东京,Ladbrokes,2.6,3.2,2.37,2.55,3.2,2.45,https://live.nowscore.com/1x2/1872366.htm,2026-10-02T10:34:24Z,捷报网1x2初指/即时快照，非逐tick，非true opening
2020-07-22,大阪钢巴,广岛三箭,William Hill,2.35,3.5,2.87,2.4,3.4,2.87,https://live.nowscore.com/1x2/1872368.htm,2026-10-02T10:34:27Z,捷报网1x2初指/即时快照，非逐tick，非true opening
2020-07-22,大阪钢巴,广岛三箭,bet365,2.45,3.4,2.75,2.37,3.4,2.9,https://live.nowscore.com/1x2/1872368.htm,2026-10-02T10:34:27Z,捷报网1x2初指/即时快照，非逐tick，非true opening
2020-07-22,大阪钢巴,广岛三箭,Pinnacle,2.37,3.65,2.9,2.49,3.49,2.84,https://live.nowscore.com/1x2/1872368.htm,2026-10-02T10:34:27Z,捷报网1x2初指/即时快照，非逐tick，非true opening
2020-07-22,大阪钢巴,广岛三箭,Ladbrokes,2.37,3.1,2.7,2.35,3.1,2.65,https://live.nowscore.com/1x2/1872368.htm,2026-10-02T10:34:27Z,捷报网1x2初指/即时快照，非逐tick，非true opening
2020-07-22,大分三神,名古屋鲸八,William Hill,2.7,3.4,2.5,2.9,3.25,2.45,https://live.nowscore.com/1x2/1872364.htm,2026-10-02T10:34:29Z,捷报网1x2初指/即时快照，非逐tick，非true opening
2020-07-22,大分三神,名古屋鲸八,bet365,2.7,3.4,2.5,2.87,3.4,2.4,https://live.nowscore.com/1x2/1872364.htm,2026-10-02T10:34:29Z,捷报网1x2初指/即时快照，非逐tick，非true opening
2020-07-22,大分三神,名古屋鲸八,Pinnacle,2.6,3.48,2.73,3.16,3.21,2.43,https://live.nowscore.com/1x2/1872364.htm,2026-10-02T10:34:29Z,捷报网1x2初指/即时快照，非逐tick，非true opening
2020-07-22,大分三神,名古屋鲸八,Ladbrokes,2.65,3.1,2.4,2.9,2.9,2.3,https://live.nowscore.com/1x2/1872364.htm,2026-10-02T10:34:29Z,捷报网1x2初指/即时快照，非逐tick，非true opening
2020-07-22,鸟栖沙岩,清水鼓动,William Hill,2.15,3.5,3.25,2.2,3.5,3.1,https://live.nowscore.com/1x2/1872370.htm,2026-10-02T10:34:32Z,捷报网1x2初指/即时快照，非逐tick，非true opening
2020-07-22,鸟栖沙岩,清水鼓动,bet365,2.1,3.4,3.4,2.4,3.3,2.9,https://live.nowscore.com/1x2/1872370.htm,2026-10-02T10:34:32Z,捷报网1x2初指/即时快照，非逐tick，非true opening
2020-07-22,鸟栖沙岩,清水鼓动,Pinnacle,2.19,3.55,3.32,2.43,3.45,2.97,https://live.nowscore.com/1x2/1872370.htm,2026-10-02T10:34:32Z,捷报网1x2初指/即时快照，非逐tick，非true opening
2020-07-22,鸟栖沙岩,清水鼓动,Ladbrokes,2.1,3.1,3.1,2.3,3,2.8,https://live.nowscore.com/1x2/1872370.htm,2026-10-02T10:34:32Z,捷报网1x2初指/即时快照，非逐tick，非true opening
2020-07-22,湘南海洋,鹿岛鹿角,William Hill,3.4,3.6,2.05,3.9,3.7,1.88,https://live.nowscore.com/1x2/1872369.htm,2026-10-02T10:34:35Z,捷报网1x2初指/即时快照，非逐tick，非true opening
2020-07-22,湘南海洋,鹿岛鹿角,bet365,3.6,3.6,1.95,4.75,3.8,1.7,https://live.nowscore.com/1x2/1872369.htm,2026-10-02T10:34:35Z,捷报网1x2初指/即时快照，非逐tick，非true opening
2020-07-22,湘南海洋,鹿岛鹿角,Pinnacle,3.4,3.68,2.11,4.63,3.98,1.75,https://live.nowscore.com/1x2/1872369.htm,2026-10-02T10:34:35Z,捷报网1x2初指/即时快照，非逐tick，非true opening
2020-07-22,湘南海洋,鹿岛鹿角,Ladbrokes,3.4,3.25,1.95,4.4,3.5,1.67,https://live.nowscore.com/1x2/1872369.htm,2026-10-02T10:34:35Z,捷报网1x2初指/即时快照，非逐tick，非true opening
2020-07-22,浦和红钻,柏太阳神,William Hill,2.55,3.5,2.62,2.3,3.5,3,https://live.nowscore.com/1x2/1872365.htm,2026-10-02T10:35:14Z,捷报网1x2初指/即时快照，非逐tick，非true opening
2020-07-22,浦和红钻,柏太阳神,bet365,2.5,3.5,2.62,2.8,3.4,2.4,https://live.nowscore.com/1x2/1872365.htm,2026-10-02T10:35:14Z,捷报网1x2初指/即时快照，非逐tick，非true opening
2020-07-22,浦和红钻,柏太阳神,Pinnacle,2.54,3.64,2.7,2.73,3.58,2.54,https://live.nowscore.com/1x2/1872365.htm,2026-10-02T10:35:14Z,捷报网1x2初指/即时快照，非逐tick，非true opening
2020-07-22,浦和红钻,柏太阳神,Ladbrokes,2.3,3.1,2.75,2.62,3.2,2.37,https://live.nowscore.com/1x2/1872365.htm,2026-10-02T10:35:14Z,捷报网1x2初指/即时快照，非逐tick，非true opening
2020-07-22,仙台维加泰,川崎前锋,William Hill,4.5,3.8,1.73,6,4.5,1.5,https://live.nowscore.com/1x2/1872362.htm,2026-10-02T10:35:43Z,捷报网1x2初指/即时快照，非逐tick，非true opening
2020-07-22,仙台维加泰,川崎前锋,bet365,4.5,3.75,1.72,6,4.33,1.5,https://live.nowscore.com/1x2/1872362.htm,2026-10-02T10:35:43Z,捷报网1x2初指/即时快照，非逐tick，非true opening
2020-07-22,仙台维加泰,川崎前锋,Pinnacle,4.64,3.95,1.75,5.65,4.79,1.52,https://live.nowscore.com/1x2/1872362.htm,2026-10-02T10:35:43Z,捷报网1x2初指/即时快照，非逐tick，非true opening
2020-07-22,仙台维加泰,川崎前锋,Ladbrokes,5,3.8,1.53,5.5,4,1.44,https://live.nowscore.com/1x2/1872362.htm,2026-10-02T10:35:43Z,捷报网1x2初指/即时快照，非逐tick，非true opening
2020-07-22,横滨水手,横滨FC,William Hill,1.44,4.8,6.5,1.42,5,6.5,https://live.nowscore.com/1x2/1872367.htm,2026-10-02T10:35:46Z,捷报网1x2初指/即时快照，非逐tick，非true opening
2020-07-22,横滨水手,横滨FC,bet365,1.44,4.75,6,1.4,5,6.5,https://live.nowscore.com/1x2/1872367.htm,2026-10-02T10:35:46Z,捷报网1x2初指/即时快照，非逐tick，非true opening
2020-07-22,横滨水手,横滨FC,Pinnacle,1.48,4.86,6.2,1.4,5.58,6.59,https://live.nowscore.com/1x2/1872367.htm,2026-10-02T10:35:46Z,捷报网1x2初指/即时快照，非逐tick，非true opening
2020-07-22,横滨水手,横滨FC,Ladbrokes,1.44,4.2,5.75,1.36,4.6,6.5,https://live.nowscore.com/1x2/1872367.htm,2026-10-02T10:35:46Z,捷报网1x2初指/即时快照，非逐tick，非true opening
2020-07-26,札幌冈萨多,横滨水手,William Hill,3.4,3.9,1.95,2.9,4,2.15,https://live.nowscore.com/1x2/1872379.htm,2026-10-02T10:35:51Z,捷报网1x2初指/即时快照，非逐tick，非true opening
2020-07-26,札幌冈萨多,横滨水手,bet365,3.4,3.75,2,3.1,3.8,2.1,https://live.nowscore.com/1x2/1872379.htm,2026-10-02T10:35:51Z,捷报网1x2初指/即时快照，非逐tick，非true opening
2020-07-26,札幌冈萨多,横滨水手,Pinnacle,3.49,4.04,1.99,2.99,4.1,2.17,https://live.nowscore.com/1x2/1872379.htm,2026-10-02T10:35:51Z,捷报网1x2初指/即时快照，非逐tick，非true opening
2020-07-26,札幌冈萨多,横滨水手,Ladbrokes,3.3,3.5,1.91,2.8,3.5,2.1,https://live.nowscore.com/1x2/1872379.htm,2026-10-02T10:35:51Z,捷报网1x2初指/即时快照，非逐tick，非true opening
2020-07-26,鹿岛鹿角,FC东京,William Hill,2.6,3.4,2.62,2.2,3.3,3.3,https://live.nowscore.com/1x2/1872375.htm,2026-10-02T10:35:54Z,捷报网1x2初指/即时快照，非逐tick，非true opening
2020-07-26,鹿岛鹿角,FC东京,bet365,2.62,3.3,2.62,2.1,3.4,3.4,https://live.nowscore.com/1x2/1872375.htm,2026-10-02T10:35:54Z,捷报网1x2初指/即时快照，非逐tick，非true opening
2020-07-26,鹿岛鹿角,FC东京,Pinnacle,2.57,3.53,2.73,2.2,3.44,3.4,https://live.nowscore.com/1x2/1872375.htm,2026-10-02T10:35:54Z,捷报网1x2初指/即时快照，非逐tick，非true opening
2020-07-26,鹿岛鹿角,FC东京,Ladbrokes,2.45,3.1,2.6,2.1,3,3.25,https://live.nowscore.com/1x2/1872375.htm,2026-10-02T10:35:54Z,捷报网1x2初指/即时快照，非逐tick，非true opening
2020-07-26,柏太阳神,仙台维加泰,William Hill,2.25,3.5,3,1.91,3.8,3.6,https://live.nowscore.com/1x2/1872371.htm,2026-10-02T10:35:57Z,捷报网1x2初指/即时快照，非逐tick，非true opening
2020-07-26,柏太阳神,仙台维加泰,bet365,2.2,3.6,3,1.9,3.8,3.6,https://live.nowscore.com/1x2/1872371.htm,2026-10-02T10:35:57Z,捷报网1x2初指/即时快照，非逐tick，非true opening
2020-07-26,柏太阳神,仙台维加泰,Pinnacle,2.27,3.67,3.05,1.97,3.96,3.62,https://live.nowscore.com/1x2/1872371.htm,2026-10-02T10:35:57Z,捷报网1x2初指/即时快照，非逐tick，非true opening
2020-07-26,柏太阳神,仙台维加泰,Ladbrokes,2.15,3.2,2.9,1.87,3.4,3.4,https://live.nowscore.com/1x2/1872371.htm,2026-10-02T10:35:57Z,捷报网1x2初指/即时快照，非逐tick，非true opening
2020-07-26,川崎前锋,湘南海洋,William Hill,1.33,5,9,1.33,5.5,8,https://live.nowscore.com/1x2/1872374.htm,2026-10-02T10:36:00Z,捷报网1x2初指/即时快照，非逐tick，非true opening
2020-07-26,川崎前锋,湘南海洋,bet365,1.4,4.5,7.5,1.36,4.75,8,https://live.nowscore.com/1x2/1872374.htm,2026-10-02T10:36:00Z,捷报网1x2初指/即时快照，非逐tick，非true opening
2020-07-26,川崎前锋,湘南海洋,Pinnacle,1.35,5.3,8.93,1.36,5.56,7.9,https://live.nowscore.com/1x2/1872374.htm,2026-10-02T10:36:00Z,捷报网1x2初指/即时快照，非逐tick，非true opening
2020-07-26,川崎前锋,湘南海洋,Ladbrokes,1.33,4.4,8,1.33,4.6,7.5,https://live.nowscore.com/1x2/1872374.htm,2026-10-02T10:36:00Z,捷报网1x2初指/即时快照，非逐tick，非true opening
2020-07-26,鸟栖沙岩,大阪樱花,William Hill,4.33,3.3,1.91,4.2,3.4,1.91,https://live.nowscore.com/1x2/1872373.htm,2026-10-02T10:36:06Z,捷报网1x2初指/即时快照，非逐tick，非true opening
2020-07-26,鸟栖沙岩,大阪樱花,bet365,4.2,3.2,1.95,4.5,3.3,1.85,https://live.nowscore.com/1x2/1872373.htm,2026-10-02T10:36:06Z,捷报网1x2初指/即时快照，非逐tick，非true opening
2020-07-26,鸟栖沙岩,大阪樱花,Pinnacle,4.1,3.32,2.03,4.4,3.4,1.93,https://live.nowscore.com/1x2/1872373.htm,2026-10-02T10:36:06Z,捷报网1x2初指/即时快照，非逐tick，非true opening
2020-07-26,鸟栖沙岩,大阪樱花,Ladbrokes,3.75,3,1.91,4.2,3,1.85,https://live.nowscore.com/1x2/1872373.htm,2026-10-02T10:36:06Z,捷报网1x2初指/即时快照，非逐tick，非true opening
2020-07-26,清水鼓动,大分三神,William Hill,3.2,3.5,2.15,2.35,3.3,3,https://live.nowscore.com/1x2/1872378.htm,2026-10-02T10:36:09Z,捷报网1x2初指/即时快照，非逐tick，非true opening
2020-07-26,清水鼓动,大分三神,bet365,3.25,3.6,2.1,2.37,3.4,3,https://live.nowscore.com/1x2/1872378.htm,2026-10-02T10:36:09Z,捷报网1x2初指/即时快照，非逐tick，非true opening
2020-07-26,清水鼓动,大分三神,Pinnacle,3.48,3.87,2.03,2.33,3.48,3.09,https://live.nowscore.com/1x2/1872378.htm,2026-10-02T10:36:09Z,捷报网1x2初指/即时快照，非逐tick，非true opening
2020-07-26,清水鼓动,大分三神,Ladbrokes,3,3.25,2.1,2.2,3,3,https://live.nowscore.com/1x2/1872378.htm,2026-10-02T10:36:09Z,捷报网1x2初指/即时快照，非逐tick，非true opening
2020-07-26,神户胜利船,大阪钢巴,William Hill,2.35,3.8,2.7,2,3.75,3.4,https://live.nowscore.com/1x2/1872372.htm,2026-10-02T10:36:14Z,捷报网1x2初指/即时快照，非逐tick，非true opening
2020-07-26,神户胜利船,大阪钢巴,bet365,2.3,3.6,2.8,1.95,3.75,3.5,https://live.nowscore.com/1x2/1872372.htm,2026-10-02T10:36:14Z,捷报网1x2初指/即时快照，非逐tick，非true opening
2020-07-26,神户胜利船,大阪钢巴,Pinnacle,2.41,3.89,2.73,1.99,3.98,3.54,https://live.nowscore.com/1x2/1872372.htm,2026-10-02T10:36:14Z,捷报网1x2初指/即时快照，非逐tick，非true opening
2020-07-26,神户胜利船,大阪钢巴,Ladbrokes,2.3,3.3,2.6,1.91,3.4,3.3,https://live.nowscore.com/1x2/1872372.htm,2026-10-02T10:36:14Z,捷报网1x2初指/即时快照，非逐tick，非true opening
2020-07-26,横滨FC,浦和红钻,William Hill,3.6,3.5,2,3.7,3.6,1.95,https://live.nowscore.com/1x2/1872377.htm,2026-10-02T10:36:19Z,捷报网1x2初指/即时快照，非逐tick，非true opening
2020-07-26,横滨FC,浦和红钻,bet365,3.5,3.6,2,3.8,3.6,1.9,https://live.nowscore.com/1x2/1872377.htm,2026-10-02T10:36:19Z,捷报网1x2初指/即时快照，非逐tick，非true opening
2020-07-26,横滨FC,浦和红钻,Pinnacle,3.4,3.65,2.12,3.88,3.71,1.96,https://live.nowscore.com/1x2/1872377.htm,2026-10-02T10:36:19Z,捷报网1x2初指/即时快照，非逐tick，非true opening
2020-07-26,横滨FC,浦和红钻,Ladbrokes,3.4,3.25,1.91,3.7,3.2,1.87,https://live.nowscore.com/1x2/1872377.htm,2026-10-02T10:36:19Z,捷报网1x2初指/即时快照，非逐tick，非true opening
